
DROP TABLE IF EXISTS contact;

CREATE TABLE contact (
  id int NOT NULL,
  channel varchar(255) DEFAULT NULL,
  lastupdate timestamp DEFAULT NULL,
  resolved int NOT NULL,
  ticket int NOT NULL,
  topic varchar(255) DEFAULT NULL,
  customer_id int DEFAULT NULL,
  order_id int DEFAULT NULL,
  product_id int DEFAULT NULL,
  PRIMARY KEY (id)
);


INSERT INTO contact VALUES (0,'phone','2022-03-31 08:19:00',1,1,'product information',10,NULL,80),(1,'phone','2022-03-30 13:17:00',1,2,'product information',27,NULL,40),(2,'form','2022-03-30 18:52:00',1,3,'product information',43,NULL,43),(3,'phone','2022-03-31 13:28:00',0,4,'product information',12,NULL,54),(4,'phone','2022-04-01 14:51:00',1,5,'product information',12,NULL,94),(5,'mail','2022-03-31 23:54:00',1,6,'product information',25,NULL,45),(6,'phone','2022-04-02 20:59:00',1,7,'product information',4,NULL,4),(7,'mail','2022-04-02 21:08:00',1,8,'product information',35,NULL,40),(8,'form','2022-04-03 11:48:00',1,9,'product information',32,NULL,9),(9,'mail','2022-04-02 12:44:00',1,10,'product information',42,NULL,53),(10,'mail','2022-04-02 14:10:00',1,11,'product information',7,NULL,84),(11,'form','2022-04-02 15:12:00',1,12,'product information',41,NULL,78),(12,'form','2022-04-02 15:55:00',1,13,'product information',26,NULL,35),(13,'form','2022-04-05 09:53:00',1,4,'product information',12,NULL,54),(14,'phone','2022-04-03 14:32:00',1,14,'product information',42,NULL,75),(15,'form','2022-04-05 14:40:00',1,15,'product information',19,3,46),(16,'mail','2022-04-05 00:31:00',1,16,'product information',50,NULL,29),(17,'form','2022-04-05 09:48:00',1,17,'product information',46,NULL,90),(18,'mail','2022-04-05 19:13:00',1,18,'product information',1,NULL,49),(19,'mail','2022-04-05 23:46:00',1,19,'product information',26,NULL,71),(20,'form','2022-04-06 02:21:00',1,20,'product information',2,NULL,51),(21,'mail','2022-04-07 09:28:00',0,21,'service',27,4,84),(22,'mail','2022-04-06 11:52:00',1,22,'product information',27,NULL,48),(23,'form','2022-04-07 17:28:00',1,23,'complaint',25,19,45),(24,'form','2022-04-07 17:56:00',1,24,'service',33,12,6),(25,'mail','2022-04-06 19:57:00',1,25,'product information',54,NULL,91),(26,'mail','2022-04-05 21:00:00',1,26,'product information',8,NULL,83),(27,'mail','2022-04-08 09:19:00',0,27,'product information',21,28,89),(28,'phone','2022-04-06 10:36:00',1,28,'product information',27,NULL,94),(29,'mail','2022-04-08 10:39:00',1,29,'payment',4,17,88),(30,'mail','2022-04-08 11:15:00',1,30,'complaint',17,6,44),(31,'mail','2022-04-07 11:27:00',1,31,'product information',5,NULL,23),(32,'phone','2022-04-08 11:35:00',1,32,'delivery',49,5,8),(33,'mail','2022-04-08 11:58:00',1,33,'complaint',12,11,29),(34,'mail','2022-04-08 12:41:00',1,34,'service',24,8,15),(35,'mail','2022-04-08 12:47:00',1,35,'complaint',6,26,94),(36,'form','2022-04-08 15:25:00',0,36,'payment',22,20,6),(37,'phone','2022-04-06 15:45:00',1,37,'product information',46,NULL,6),(38,'mail','2022-04-08 16:51:00',1,38,'service',42,34,20),(39,'mail','2022-04-07 09:09:00',1,39,'product information',42,NULL,9),(40,'phone','2022-04-09 10:47:00',1,40,'product information',35,29,40),(41,'phone','2022-04-09 13:01:00',0,41,'service',8,57,4),(42,'form','2022-04-08 13:44:00',1,42,'product information',23,NULL,77),(43,'phone','2022-04-09 13:47:00',1,43,'complaint',45,21,47),(44,'phone','2022-04-08 01:53:00',1,44,'product information',58,NULL,78),(45,'mail','2022-04-08 14:03:00',1,45,'product information',59,NULL,36),(46,'mail','2022-04-09 08:34:00',1,46,'product information',51,NULL,37),(47,'phone','2022-04-11 09:39:00',0,21,'service',27,4,84),(48,'mail','2022-04-11 10:56:00',1,47,'delivery',2,47,31),(49,'mail','2022-04-09 11:06:00',1,48,'product information',56,NULL,81),(50,'mail','2022-04-11 11:35:00',1,49,'delivery',43,54,12),(51,'form','2022-04-11 12:10:00',0,50,'product information',23,48,78),(52,'form','2022-04-11 13:43:00',1,51,'complaint',31,25,30),(53,'phone','2022-04-11 13:45:00',0,52,'service',26,38,35),(54,'mail','2022-04-11 13:48:00',1,53,'complaint',32,33,9),(55,'phone','2022-04-11 14:04:00',1,36,'payment',22,20,6),(56,'phone','2022-04-11 15:54:00',0,54,'delivery',6,49,15),(57,'form','2022-04-11 16:36:00',1,55,'payment',38,32,14),(58,'mail','2022-04-11 16:36:00',1,56,'complaint',5,41,41),(59,'form','2022-04-11 16:45:00',1,57,'delivery',35,51,29),(60,'form','2022-04-11 17:14:00',1,27,'product information',21,28,89),(61,'mail','2022-04-12 08:08:00',0,58,'payment',27,67,48),(62,'phone','2022-04-11 09:44:00',1,59,'product information',32,NULL,100),(63,'phone','2022-04-12 11:02:00',1,60,'service',19,55,87),(64,'phone','2022-04-12 12:31:00',1,61,'product information',50,50,29),(65,'mail','2022-04-12 12:36:00',0,62,'service',7,44,56),(66,'phone','2022-04-12 13:17:00',1,63,'payment',46,52,64),(67,'form','2022-04-12 13:44:00',1,64,'product information',55,75,20),(68,'form','2022-04-10 15:50:00',1,65,'product information',26,NULL,72),(69,'form','2022-04-12 16:04:00',1,41,'service',8,57,4),(70,'phone','2022-04-11 21:04:00',1,66,'product information',37,NULL,10),(71,'mail','2022-04-12 07:21:00',1,67,'product information',43,NULL,60),(72,'form','2022-04-13 09:19:00',1,68,'delivery',5,58,31),(73,'form','2022-04-13 09:55:00',1,69,'payment',5,83,23),(74,'mail','2022-04-13 14:12:00',0,70,'complaint',35,77,38),(75,'phone','2022-04-13 15:02:00',1,71,'delivery',18,89,65),(76,'form','2022-04-11 15:41:00',0,72,'product information',14,NULL,6),(77,'mail','2022-04-12 16:46:00',1,73,'product information',49,NULL,47),(78,'mail','2022-04-11 16:58:00',1,74,'product information',43,NULL,84),(79,'form','2022-04-13 17:09:00',0,75,'product information',48,82,14),(80,'form','2022-04-14 09:14:00',1,76,'service',4,90,9),(81,'phone','2022-04-14 09:19:00',0,77,'complaint',28,87,90),(82,'mail','2022-04-14 11:26:00',0,78,'payment',23,71,12),(83,'form','2022-04-13 14:42:00',1,79,'product information',2,NULL,78),(84,'form','2022-04-13 15:01:00',0,80,'product information',57,NULL,41),(85,'form','2022-04-13 15:38:00',1,81,'product information',11,NULL,7),(86,'form','2022-04-14 15:45:00',1,72,'product information',14,NULL,6),(87,'form','2022-04-13 19:00:00',1,82,'product information',64,NULL,75),(88,'mail','2022-04-12 21:01:00',0,83,'product information',26,NULL,29),(89,'phone','2022-04-15 08:06:00',1,83,'product information',26,NULL,29),(90,'mail','2022-04-14 09:54:00',1,84,'product information',42,NULL,93),(91,'form','2022-04-15 13:05:00',0,21,'service',27,4,84),(92,'mail','2022-04-15 14:51:00',1,85,'payment',8,104,65),(93,'phone','2022-04-13 15:31:00',1,86,'product information',5,NULL,44),(94,'phone','2022-04-15 17:26:00',1,87,'payment',13,95,91),(95,'phone','2022-04-15 17:53:00',1,62,'service',7,44,56),(96,'mail','2022-04-14 20:43:00',0,88,'product information',2,NULL,55),(97,'mail','2022-04-14 01:03:00',1,89,'product information',37,NULL,8),(98,'mail','2022-04-15 02:11:00',0,90,'product information',47,NULL,71),(99,'phone','2022-04-14 09:51:00',0,91,'product information',21,NULL,31),(100,'phone','2022-04-16 09:55:00',0,54,'delivery',6,49,15),(101,'mail','2022-04-16 11:11:00',1,92,'complaint',42,94,59),(102,'mail','2022-04-16 12:09:00',1,93,'product information',23,92,95),(103,'phone','2022-04-16 13:07:00',1,70,'complaint',35,77,38),(104,'form','2022-04-16 13:35:00',1,50,'product information',23,48,78),(105,'mail','2022-04-15 13:53:00',1,94,'product information',7,NULL,80),(106,'phone','2022-04-16 13:59:00',1,95,'delivery',45,123,80),(107,'form','2022-04-16 14:09:00',0,96,'complaint',50,108,37),(108,'form','2022-04-16 14:59:00',1,52,'service',26,38,35),(109,'phone','2022-04-16 16:40:00',1,97,'product information',39,127,64),(110,'form','2022-04-16 17:15:00',1,80,'product information',57,NULL,41),(111,'phone','2022-04-16 17:39:00',1,98,'delivery',42,91,9),(112,'mail','2022-04-14 21:39:00',1,99,'product information',8,NULL,67),(113,'mail','2022-04-15 23:09:00',1,100,'product information',54,NULL,82),(114,'form','2022-04-15 00:14:00',1,101,'product information',18,NULL,63),(115,'form','2022-04-15 15:34:00',1,102,'product information',40,NULL,63),(116,'phone','2022-04-16 15:49:00',1,103,'product information',52,NULL,51),(117,'mail','2022-04-16 22:00:00',1,104,'product information',16,NULL,86),(118,'phone','2022-04-18 08:31:00',1,58,'payment',27,67,48),(119,'mail','2022-04-18 08:37:00',1,105,'service',43,136,69),(120,'form','2022-04-18 09:09:00',1,88,'product information',2,NULL,55),(121,'form','2022-04-18 09:38:00',1,90,'product information',47,NULL,71),(122,'form','2022-04-18 09:40:00',0,106,'complaint',20,119,67),(123,'form','2022-04-16 10:03:00',1,107,'product information',12,NULL,18),(124,'mail','2022-04-18 12:00:00',0,78,'payment',23,71,12),(125,'mail','2022-04-18 12:41:00',0,75,'product information',48,82,14),(126,'mail','2022-04-18 13:38:00',1,108,'complaint',48,110,88),(127,'form','2022-04-17 16:17:00',1,109,'product information',64,NULL,78),(128,'mail','2022-04-18 16:20:00',1,110,'product information',42,111,40),(129,'phone','2022-04-18 16:42:00',0,111,'product information',6,146,69),(130,'mail','2022-04-18 16:56:00',1,77,'complaint',28,87,90),(131,'mail','2022-04-18 17:01:00',1,91,'product information',21,NULL,31),(132,'form','2022-04-16 17:06:00',1,112,'product information',64,NULL,92),(133,'form','2022-04-18 17:07:00',1,113,'delivery',50,169,98),(134,'phone','2022-04-19 09:16:00',1,114,'service',57,125,26),(135,'mail','2022-04-17 11:10:00',1,115,'product information',48,NULL,82),(136,'form','2022-04-19 11:25:00',1,21,'service',27,4,84),(137,'phone','2022-04-19 13:07:00',0,116,'service',50,158,26),(138,'mail','2022-04-19 14:06:00',0,117,'delivery',47,147,70),(139,'form','2022-04-19 17:27:00',1,54,'delivery',6,49,15),(140,'phone','2022-04-18 19:08:00',1,118,'product information',4,NULL,16),(141,'form','2022-04-19 13:30:00',1,119,'product information',43,NULL,70),(142,'form','2022-04-20 13:58:00',0,120,'service',14,140,6),(143,'mail','2022-04-20 15:21:00',1,121,'payment',11,154,7),(144,'mail','2022-04-20 16:05:00',0,122,'payment',42,160,52),(145,'form','2022-04-20 16:16:00',0,123,'product information',30,152,37),(146,'phone','2022-04-20 17:55:00',1,124,'complaint',18,144,55),(147,'form','2022-04-18 20:41:00',1,125,'product information',13,NULL,16),(148,'mail','2022-04-21 11:55:00',1,126,'delivery',49,142,58),(149,'mail','2022-04-21 15:34:00',1,96,'complaint',50,108,37),(150,'phone','2022-04-21 16:30:00',1,106,'complaint',20,119,67),(151,'form','2022-04-21 17:40:00',1,127,'delivery',16,191,71),(152,'form','2022-04-21 17:49:00',1,128,'service',52,188,51),(153,'phone','2022-04-22 09:26:00',1,129,'product information',12,148,83),(154,'form','2022-04-22 09:41:00',1,130,'delivery',32,176,67),(155,'phone','2022-04-22 12:14:00',1,131,'product information',27,206,71),(156,'form','2022-04-22 14:00:00',0,132,'complaint',27,173,94),(157,'form','2022-04-22 14:10:00',0,78,'payment',23,71,12),(158,'form','2022-04-22 14:23:00',0,111,'product information',6,146,69),(159,'mail','2022-04-22 16:56:00',1,133,'product information',47,171,71),(160,'phone','2022-04-23 10:05:00',1,117,'delivery',47,147,70),(161,'phone','2022-04-23 12:56:00',0,75,'product information',48,82,14),(162,'mail','2022-04-23 13:46:00',1,134,'payment',37,201,22),(163,'form','2022-04-23 14:45:00',1,122,'payment',42,160,52),(164,'mail','2022-04-23 15:56:00',0,135,'delivery',15,202,22),(165,'phone','2022-04-23 16:00:00',0,136,'service',12,192,99),(166,'phone','2022-04-25 09:10:00',1,120,'service',14,140,6),(167,'form','2022-04-25 09:38:00',1,137,'payment',13,217,16),(168,'form','2022-04-25 10:01:00',0,138,'complaint',12,197,79),(169,'mail','2022-04-25 11:05:00',1,139,'product information',37,210,82),(170,'phone','2022-04-25 11:12:00',1,116,'service',50,158,26),(171,'mail','2022-04-25 12:08:00',0,140,'complaint',6,200,2),(172,'form','2022-04-25 13:00:00',0,123,'product information',30,152,37),(173,'form','2022-04-25 14:05:00',0,141,'product information',64,199,71),(174,'mail','2022-04-25 15:51:00',0,111,'product information',6,146,69),(175,'mail','2022-04-25 16:10:00',0,142,'product information',53,207,34),(176,'form','2022-04-26 10:13:00',1,75,'product information',48,82,14),(177,'phone','2022-04-26 12:17:00',1,143,'payment',32,205,23),(178,'mail','2022-04-27 10:27:00',0,136,'service',12,192,99),(179,'form','2022-04-27 11:34:00',1,132,'complaint',27,173,94),(180,'form','2022-04-27 12:35:00',1,135,'delivery',15,202,22),(181,'phone','2022-04-27 14:53:00',1,78,'payment',23,71,12),(182,'phone','2022-04-28 11:04:00',1,144,'product information',9,209,19),(183,'phone','2022-04-28 11:08:00',0,145,'service',26,214,33),(184,'form','2022-04-28 14:49:00',0,123,'product information',30,152,37),(185,'mail','2022-04-29 10:32:00',0,140,'complaint',6,200,2),(186,'form','2022-04-30 10:23:00',0,142,'product information',53,207,34),(187,'form','2022-04-30 11:40:00',0,138,'complaint',12,197,79),(188,'phone','2022-04-30 12:51:00',1,141,'product information',64,199,71),(189,'phone','2022-04-30 13:51:00',1,111,'product information',6,146,69),(190,'form','2022-05-02 12:37:00',1,145,'service',26,214,33),(191,'phone','2022-05-02 15:48:00',1,136,'service',12,192,99),(192,'form','2022-05-02 16:19:00',1,140,'complaint',6,200,2),(193,'form','2022-05-03 10:18:00',0,123,'product information',30,152,37),(194,'form','2022-05-03 17:38:00',1,138,'complaint',12,197,79),(195,'form','2022-05-05 11:49:00',1,142,'product information',53,207,34),(196,'mail','2022-05-07 16:23:00',0,123,'product information',30,152,37),(197,'mail','2022-05-12 16:35:00',0,123,'product information',30,152,37),(198,'phone','2022-05-17 12:29:00',0,123,'product information',30,152,37),(199,'phone','2022-05-20 17:41:00',1,123,'product information',30,152,37);

DROP TABLE IF EXISTS customer;

CREATE TABLE customer (
  id int NOT NULL,
  academicTitle varchar(255) DEFAULT NULL,
  address varchar(255) DEFAULT NULL,
  birthdate date DEFAULT NULL,
  city varchar(255) DEFAULT NULL,
  creditCard varchar(255) DEFAULT NULL,
  customerNo int NOT NULL,
  email varchar(255) DEFAULT NULL,
  gender varchar(255) DEFAULT NULL,
  lastupdate timestamp DEFAULT NULL,
  name varchar(255) DEFAULT NULL,
  phone varchar(255) DEFAULT NULL,
  postalCode varchar(255) DEFAULT NULL,
  salutation varchar(255) DEFAULT NULL,
  state varchar(255) DEFAULT NULL,
  PRIMARY KEY (id)
);

INSERT INTO customer VALUES (1,'','Mittelweg 43','1979-03-09','Oerlenbach','4392646449109014',20220019,'michael.loehr@alas.it','MALE','2022-04-01 12:00:00','M. Löhr','+49-9725-440457','97714','Herr','Bayern'),(2,'','Schulstraße 46','1993-01-08','Großbardau','4325614223947969',20220028,'kerstin_liebig@kvm.us','FEMALE','2022-04-01 12:00:00','Kerstin Liebig','+49-3437-148208','4668','Frau','Sachsen'),(3,'','Am Bahnhof 12','1998-10-12','Dambeck Altmark','4105804657042553',20220032,'roland_schneider@deltional.de','MALE','2022-04-01 12:00:00','Herr Schneider','+49-39035-02638','29416','Herr','Sachsen-Anhalt'),(4,'','Feldstraße 3','1964-10-13','Forst Hunsrück','4711599409720250',20220048,'gerda_schiessl@glzbkmwcfzwo.de','FEMALE','2022-04-01 12:00:00','Frau Gerda Schießl','+49-6545-587375','56858','Frau','Rheinland-Pfalz'),(5,'Dr.','Mittelstraße 40','1979-05-10','Drehnow','4912807130681908',20220054,'anitarueger@hotmail.com','FEMALE','2022-04-01 12:00:00','Anita Rüger','+49-35601-33404','3185','Frau','Brandenburg'),(6,'','Erlenweg 22','1964-01-12','Farnstädt','4898093060075928',20220063,'siegfriedspangenberg@helmut-laumann.net','MALE','2022-04-01 12:00:00','Siegfried Spangenberg','+49-34776-25907','6279','Herr','Sachsen-Anhalt'),(7,'Dr.','Bahnhofstraße Nr 17','2000-02-14','Storkow','4360447250929956',20220079,'manfred.sommerfeld@fsaa.de','MALE','2022-04-01 12:00:00','Manfred Sommerfeld','+49-33678-79325','15859','Herr','Brandenburg'),(8,'','Kirchweg 18','1977-08-24','Lengenbostel','4295513974310235',20220080,'alois.fritsch@jvm.ch','MALE','2022-04-01 12:00:00','Alois Fritsch','+49-4282-123769','27419','Herr','Niedersachsen'),(9,'','Kirchweg 16b','1979-08-05','Kalbe Milde','4596762343504970',20220097,'ute.ehrenberg@yahoo.com','FEMALE','2022-04-01 12:00:00','Ute Ehrenberg','+49-39080-19770','39624','Frau','Sachsen-Anhalt'),(10,'','Hauptstraße 1','1978-10-27','Appensee','4551687724995591',20220105,'anna_richter@mjzi.net','FEMALE','2022-04-01 12:00:00','Anna Richter','+49-7967-904520','74597','Frau','Baden-Württemberg'),(11,'','Talstraße 1','1987-09-13','Dürrenuhlsdorf','4576283199538131',20220116,'rosemarie.jonas@mycity.us','FEMALE','2022-04-01 12:00:00','R. Jonas','+49-37609-68646','8396','Frau','Sachsen'),(12,'','Gartenstraße 41','1968-04-27','Riedhausen','4158849894200403',20220122,'kwillems@yahoo.com','MALE','2022-04-01 12:00:00','Karl-Heinz Willems','+49-7587-367123','88377','Herr','Baden-Württemberg'),(13,'','Ringstraße 10d','1975-09-24','Wollersleben','4912413804294522',20220130,'dheuer@gmail.com','FEMALE','2022-04-01 12:00:00','Dorothea Heuer','+49-36334-94881','99735','Frau','Thüringen'),(14,'','Wiesenstraße 8','1968-01-14','Stolzenhagen b Wandlitz','4163105421046592',20220146,'rbaldauf@deltar.org','MALE','2022-04-01 12:00:00','Reinhard Baldauf','+49-33397-11654','16348','Herr','Brandenburg'),(15,'','Kirchstraße 28','1988-12-13','Craupe','4985388132145962',20220153,'eva-maria.gerhardt@gmail.com','FEMALE','2022-04-01 12:00:00','Eva-Maria Gerhardt','+49-35435-12503','3205','Frau','Brandenburg'),(16,'','Schützenstraße 18','1978-10-30','Gossersweiler-Stein','4589144493214776',20220161,'hwehner@mwricogpjdac.com','FEMALE','2022-04-01 12:00:00','Frau Wehner','+49-6346-352189','76857','Frau','Rheinland-Pfalz'),(17,'','Birkenweg 19','1966-11-23','Pokrent','4234800425441758',20220177,'jana.john@tognesio.com','FEMALE','2022-04-01 12:00:00','Jana John','+49-38874-23105','19205','Frau','Mecklenburg-Vorpommern'),(18,'','Lerchenweg 18','1997-10-25','Mitterfels','4102397402547284',20220188,'detlef.hartwig@yahoo.com','MALE','2022-04-01 12:00:00','Detlef Hartwig','+49-9961-555758','94360','Herr','Bayern'),(19,'','Dorfstraße 32','1964-10-16','Trams','4806510549755144',20220197,'hubert_ziemer@pulsentis.com','MALE','2022-04-01 12:00:00','Ziemer, Hubert','+49-38484-78936','19417','Herr','Mecklenburg-Vorpommern'),(20,'','Bachstraße 35a','1974-06-14','Altenhof b Kyllburg','4512991055642824',20220202,'tino_hoehn@eugen-wagner.com','MALE','2022-04-01 12:00:00','Tino Höhn','+49-6594-442449','54655','Herr','Rheinland-Pfalz'),(21,'Dr.','35, Wiesenweg','1987-10-08','Achslach','4724202231561001',20220214,'anna.schulz@geqtkgl.com','FEMALE','2022-04-01 12:00:00','Anna Schulz','+49-9929-597702','94250','Frau','Bayern'),(22,'','Mühlenweg 17','1974-08-04','Immenrode b Nordhausen','4080273621956356',20220225,'spieper@lkaimstyxjv.ch','FEMALE','2022-04-01 12:00:00','Silke Pieper','+49-36335-16823','99735','Frau','Thüringen'),(23,'','Gartenstraße 23','1978-04-20','Beuren','4426771895140634',20220232,'skaestner@wilfried-will.org','MALE','2022-04-01 12:00:00','Sebastian Kästner','+49-2675-497597','56825','Herr','Rheinland-Pfalz'),(24,'','Waldstraße 27b','1998-03-21','Neuschoo','4762130917688835',20220240,'friedrichpeters@wireserve.fr','MALE','2022-04-01 12:00:00','Herr Peters','+49-4977-154827','26487','Herr','Niedersachsen'),(25,'','Raiffeisenstraße 15','1960-11-11','Klein Leppin','4628424624663858',20220250,'norbertsprenger@srpczcfesg.com','MALE','2022-04-01 12:00:00','Herr Norbert Sprenger','+49-38787-40465','19322','Herr','Brandenburg'),(26,'','Lessingstraße 46','1992-06-24','Sayda','4232297030765014',20220262,'frank.mueller@sygnium.com','MALE','2022-04-01 12:00:00','Frank Müller','+49-37365-59716','9619','Herr','Sachsen'),(27,'','Erlenweg Nr 4','1996-08-16','Unterweid','4347254447859759',20220275,'mschmidt@lggn.net','FEMALE','2022-04-01 12:00:00','Margarete Schmidt','+49-36946-97584','98634','Frau','Thüringen'),(28,'Prof. Dr.','Mozartstraße 33','2001-09-17','Heroldishausen','4674988254380473',20220284,'cfuhrmann@cwu.at','FEMALE','2022-04-01 12:00:00','Frau Fuhrmann','+49-36022-46514','99991','Frau','Thüringen'),(29,'','Hauptstraße 49','1980-08-21','Kleinwallstadt','4147060685666000',20220291,'gguenther@hotmail.com','FEMALE','2022-04-01 12:00:00','Gisela Günther','+49-6022-477120','63839','Frau','Bayern'),(30,'','Schloßstraße 15','1983-01-09','Düben','4542300457957000',20220305,'edith_mueller@ogccchrplv.com','FEMALE','2022-04-01 12:00:00','Edith Müller','+49-34903-88879','6869','Frau','Sachsen-Anhalt'),(31,'','Lessingstraße 8d','1994-06-16','Walddrehna','4416641922324554',20220313,'berta_schaper@mail.com','FEMALE','2022-04-01 12:00:00','B. Schaper','+49-35455-25904','15926','Frau','Brandenburg'),(32,'','Gartenweg 41','1976-09-27','Klausdorf','4822794783829787',20220323,'msasse@qgeclvjjaz.net','FEMALE','2022-04-01 12:00:00','Mathilde Sasse','+49-33703-33673','15838','Frau','Brandenburg'),(33,'','19, Dorfstraße','1996-09-25','Niederwiesa','4800047446568417',20220339,'dieter.benecke@hotmail.com','MALE','2022-04-01 12:00:00','Dieter Benecke','+49-3726-327566','9577','Herr','Sachsen'),(34,'','Dorfstraße Nr 26','1997-11-04','Glienecke','4672075662372862',20220343,'imayer@kkpnkdezem.org','FEMALE','2022-04-01 12:00:00','I. Mayer','+49-33830-18831','14793','Frau','Brandenburg'),(35,'','Beethovenstraße 5d','2001-06-02','Siggelkow','4450182347751730',20220351,'hbender@yaaa.net','MALE','2022-04-01 12:00:00','Helmut Bender','+49-38724-81608','19376','Herr','Mecklenburg-Vorpommern'),(36,'','Mühlenstraße 15c','1985-05-24','Dielkirchen','4820384922066939',20220365,'nschmidt@yahoo.com','FEMALE','2022-04-01 12:00:00','Nadine Schmidt','+49-6361-020888','67811','Frau','Rheinland-Pfalz'),(37,'Dr.','Tulpenw. 29','1965-07-26','Kirchberg i. Wald','4926073062697248',20220375,'franz.lehmann@clickbox.net','MALE','2022-04-01 12:00:00','Franz Lehmann','+49-9927-013144','94259','Herr','Bayern'),(38,'','Lessingstraße Nr 44','1998-01-11','Poppenricht','4390765626743924',20220383,'manuela.schorn@alesio.com','FEMALE','2022-04-01 12:00:00','Manuela Schorn','+49-9621-622870','92284','Frau','Bayern'),(39,'','1, Lindenweg','1969-02-22','Zeitlarn b Regensburg','4269820411397176',20220398,'epeter@gmail.com','MALE','2022-04-01 12:00:00','Ewald Peter','+49-941-7597537','93197','Herr','Bayern'),(40,'','Buchenweg Nr 23','1985-06-19','Wünsdorf','4754827767319029',20220405,'armin_roesch@sxuzj.net','MALE','2022-04-01 12:00:00','Armin Rösch','+49-33702-13207','15838','Herr','Brandenburg'),(41,'','Berliner Straße 28d','2000-07-21','Vellberg','4981876597667854',20220411,'angela.ehrenberg@qqs.edu','FEMALE','2022-04-01 12:00:00','Angela Ehrenberg','+49-7907-491605','74541','Frau','Baden-Württemberg'),(42,'','Hauptstraße 48','1985-09-23','Bürchau','4591470184817346',20220429,'ssaller@hotmail.com','FEMALE','2022-04-01 12:00:00','Susanne Saller','+49-7629-672505','79683','Frau','Baden-Württemberg'),(43,'','Wiesenweg 7','1972-03-21','Pastetten','4361461889212204',20220436,'kecker@xoppsva.org','FEMALE','2022-04-01 12:00:00','Katrin Ecker','+49-8124-307113','85669','Frau','Bayern'),(44,'','Mühlenstraße 5','1973-02-07','Goldberg b Wismar, Meckl','4231223688988345',20220446,'eva.schroeder@eaoysjcg.de','FEMALE','2022-04-01 12:00:00','Eva Schroeder','+49-38429-11153','23992','Frau','Mecklenburg-Vorpommern'),(45,'Dr.','Ringstraße 15','1984-01-03','Liebenthal','4907981059085529',20220452,'ritagellert@jqnmqp.org','FEMALE','2022-04-01 12:00:00','Rita Gellert','+49-33054-19599','16559','Frau','Brandenburg'),(46,'','Gartenstraße 37','1997-02-10','Weisenheim am Berg','4907200513611865',20220464,'roland.homann@yahoo.com','MALE','2022-04-01 12:00:00','Homann, Roland','+49-6353-003618','67273','Herr','Rheinland-Pfalz'),(47,'Dr.','Kirchstraße 49','1995-01-14','Weiditz','4804651120395629',20220470,'franziskaschlegel@hotmail.com','FEMALE','2022-04-01 12:00:00','Franziska Schlegel','+49-3737-731759','9306','Frau','Sachsen'),(48,'','Am Sportplatz Nr 28','1995-08-06','Fach','4872967595934982',20220483,'anton_fischer@paria.com','MALE','2022-04-01 12:00:00','Fischer, Anton','+49-7975-117473','73453','Herr','Baden-Württemberg'),(49,'','Gartenstraße 2','1961-03-06','Messerich','4312422290242834',20220490,'hreinartz@acd.it','MALE','2022-04-01 12:00:00','Hans Reinartz','+49-6568-725934','54636','Herr','Rheinland-Pfalz'),(50,'','Mühlenweg Nr 1','1974-12-14','Mücka','4551372893883015',20220500,'christaherrmann@yahoo.com','FEMALE','2022-04-01 12:00:00','Christa Herrmann','+49-35893-77372','2906','Frau','Sachsen'),(51,'','Buchenweg 23','1985-06-19','Wünsdorf','4754827767319029',20220513,'armin_roesch@sxuzj.net','MALE','2022-04-01 07:10:00','Armin Rösch','+49-33702-13207','15838','Herr','Brandenburg'),(52,'','Lessingstraße 46d','1992-06-24','Sayda','4232297030765014',20220524,'frank.mueller@sygnium.com','MALE','2022-04-06 19:33:00','Frank Müller','+49-37365-59716','9619','Herr','Sachsen'),(53,'','Lindenweg 1','1969-02-22','Zeitlarn b Regensburg','4269820411397176',20220530,'epeter@gmail.com','MALE','2022-04-07 19:27:00','Ewald Peter','+49-941-7597537','93197','Herr','Bayern'),(54,'','Raiffeisenstraße 15','1960-11-11','Klein Leppin','4628424624663858',20220549,'norbertsprenger@srpczcfesg.com','MALE','2022-04-07 19:57:00','Norbert Sprenger','+49-38787-40465','19322','Herr','Brandenburg'),(55,'','Beethovenstraße 5','2001-06-02','Siggelkow','4450182347751730',20220557,'hbender@yaaa.net','MALE','2022-04-07 20:09:00','Helmut Bender','+49-38724-81608','19376','Herr','Mecklenburg-Vorpommern'),(56,'','Schützenstraße Nr 18','1978-10-30','Gossersweiler-Stein','4589144493214776',20220561,'hwehner@mwricogpjdac.com','FEMALE','2022-04-07 22:32:00','Wehner, Hedwig','+49-6346-352189','76857','Frau','Rheinland-Pfalz'),(57,'','Mühlenweg 17','1974-08-04','Immenrode b Nordhausen','4080273621956356',20220572,'spieper@lkaimstyxjv.ch','FEMALE','2022-04-08 16:46:00','Silke Pieper','+49-36335-16823','99735','Frau','Thüringen'),(58,'','Am Bahnhof 12','1998-10-12','Dambeck, Altmark','4105804657042553',20220584,'roland_schneider@deltional.de','MALE','2022-04-10 01:53:00','Roland Schneider','+49-39035-02638','29416','Herr','Sachsen-Anhalt'),(59,'','Lindenweg 1','1969-02-22','Zeitlarn b Regensburg','4269820411397176',20220599,'epeter@gmail.com','MALE','2022-04-10 14:03:00','Peter, Ewald','+49-941-7597537','93197','Herr','Bayern'),(60,'','Erlenweg Nr 22','1964-01-12','Farnstädt','4898093060075928',20220602,'siegfriedspangenberg@helmut-laumann.net','MALE','2022-04-10 21:23:00','Siegfried Spangenberg','+49-34776-25907','6279','Herr','Sachsen-Anhalt'),(61,'','15, Mühlenstraße','1985-05-24','Dielkirchen','4820384922066939',20220618,'nschmidt@yahoo.com','FEMALE','2022-04-12 20:30:00','Nadine Schmidt','+49-6361-020888','67811','Frau','Rheinland-Pfalz'),(62,'','Kirchweg Nr 18','1977-08-24','Lengenbostel','4295513974310235',20220629,'alois.fritsch@jvm.ch','MALE','2022-04-14 13:11:00','Fritsch, Alois','+49-4282-123769','27419','Herr','Niedersachsen'),(63,'','Kirchweg 16b','1979-08-05','Kalbe (Milde)','4596762343504970',20220632,'ute.ehrenberg@yahoo.com','FEMALE','2022-04-14 14:45:00','Ute Ehrenberg','+49-39080-19770','39624','Frau','Sachsen-Anhalt'),(64,'','Ringstraße 10','1975-09-24','Wollersleben','4912413804294522',20220642,'dheuer@gmail.com','FEMALE','2022-04-14 19:00:00','Dorothea Heuer','+49-36334-94881','99735','Frau','Thüringen');

DROP TABLE IF EXISTS item;

CREATE TABLE item (
  id int NOT NULL,
  pieces int NOT NULL DEFAULT 0,
  order_id int DEFAULT NULL,
  product_id int DEFAULT NULL,
  PRIMARY KEY (id)
);


INSERT INTO item VALUES (0,1,0,50),(1,1,1,31),(2,1,1,38),(3,1,1,8),(4,1,1,55),(5,1,1,20),(6,1,1,1),(7,1,2,80),(8,1,2,27),(9,1,3,98),(10,1,3,50),(11,1,3,46),(12,1,4,84),(13,1,4,40),(14,1,5,42),(15,1,5,11),(16,1,5,22),(17,1,5,8),(18,1,6,17),(19,1,6,6),(20,1,6,44),(21,1,7,30),(22,1,7,43),(23,1,8,15),(24,1,8,52),(25,1,9,11),(26,1,9,84),(27,1,9,91),(28,1,9,75),(29,1,10,47),(30,1,11,54),(31,1,11,29),(32,1,12,6),(33,1,12,72),(34,1,13,68),(35,1,13,55),(36,1,13,94),(37,1,13,30),(38,1,14,24),(39,1,14,58),(40,1,14,47),(41,1,14,7),(42,1,15,3),(43,1,15,63),(44,1,16,17),(45,1,16,40),(46,1,17,88),(47,1,17,43),(48,1,18,17),(49,1,18,24),(50,1,19,45),(51,1,20,6),(52,1,20,61),(53,1,20,4),(54,1,21,91),(55,1,21,47),(56,1,21,48),(57,1,21,94),(58,1,21,22),(59,1,22,58),(60,1,22,79),(61,1,22,89),(62,1,22,78),(63,1,23,46),(64,1,24,33),(65,1,25,30),(66,1,25,72),(67,1,26,94),(68,1,26,63),(69,1,26,35),(70,1,26,81),(71,1,26,52),(72,1,26,35),(73,1,27,4),(74,1,27,11),(75,1,27,66),(76,1,28,79),(77,1,28,38),(78,1,28,58),(79,1,28,89),(80,1,29,33),(81,1,29,28),(82,1,29,40),(83,1,30,21),(84,1,31,77),(85,1,32,15),(86,1,32,9),(87,1,32,14),(88,1,33,9),(89,1,33,38),(90,1,33,83),(91,1,34,20),(92,1,34,53),(93,1,35,39),(94,1,35,16),(95,1,35,89),(96,1,35,25),(97,1,35,91),(98,1,35,36),(99,1,36,84),(100,1,37,69),(101,1,37,78),(102,1,38,71),(103,1,38,95),(104,1,38,35),(105,1,38,98),(106,1,39,94),(107,1,39,57),(108,1,40,57),(109,1,40,28),(110,1,40,92),(111,1,41,41),(112,1,42,93),(113,1,43,12),(114,1,43,75),(115,1,44,56),(116,1,45,52),(117,1,45,60),(118,1,45,83),(119,1,46,2),(120,1,46,88),(121,1,46,55),(122,1,46,24),(123,1,46,95),(124,1,47,62),(125,1,47,31),(126,1,48,96),(127,1,48,38),(128,1,48,56),(129,1,48,78),(130,1,49,15),(131,1,49,44),(132,1,49,17),(133,1,50,69),(134,1,50,67),(135,1,50,34),(136,1,50,29),(137,1,51,85),(138,1,51,29),(139,1,51,19),(140,1,51,79),(141,1,52,64),(142,1,53,90),(143,1,54,31),(144,1,54,12),(145,1,54,13),(146,1,55,41),(147,1,55,38),(148,1,55,87),(149,1,55,57),(150,1,56,41),(151,1,56,64),(152,1,56,75),(153,1,56,34),(154,1,56,12),(155,1,57,7),(156,1,57,73),(157,1,57,4),(158,1,58,97),(159,1,58,31),(160,1,59,74),(161,1,60,49),(162,1,61,18),(163,1,62,55),(164,1,62,58),(165,1,62,5),(166,1,62,5),(167,1,62,16),(168,1,63,47),(169,1,64,71),(170,1,65,23),(171,1,65,51),(172,1,66,98),(173,1,66,4),(174,1,66,11),(175,1,66,9),(176,1,66,60),(177,1,66,74),(178,1,67,14),(179,1,67,48),(180,1,68,43),(181,1,68,19),(182,1,68,90),(183,1,69,44),(184,1,70,56),(185,1,70,43),(186,1,70,35),(187,1,71,83),(188,1,71,12),(189,1,71,79),(190,1,71,2),(191,1,71,69),(192,1,71,40),(193,1,72,62),(194,1,73,40),(195,1,74,91),(196,1,75,87),(197,1,75,20),(198,1,76,83),(199,1,77,11),(200,1,77,38),(201,1,77,10),(202,1,78,91),(203,1,78,9),(204,1,78,35),(205,1,78,75),(206,1,78,67),(207,1,78,27),(208,1,79,25),(209,1,79,35),(210,1,79,25),(211,1,80,45),(212,1,81,94),(213,1,81,93),(214,1,82,10),(215,1,82,14),(216,1,83,12),(217,1,83,23),(218,1,83,84),(219,1,84,65),(220,1,84,71),(221,1,84,46),(222,1,85,6),(223,1,86,91),(224,1,86,61),(225,1,86,12),(226,1,87,90),(227,1,88,10),(228,1,88,26),(229,1,88,24),(230,1,89,65),(231,1,90,48),(232,1,90,68),(233,1,90,13),(234,1,90,9),(235,1,91,9),(236,1,92,14),(237,1,92,92),(238,1,92,17),(239,1,92,95),(240,1,92,77),(241,1,93,43),(242,1,94,59),(243,1,94,7),(244,1,95,91),(245,1,96,29),(246,1,97,69),(247,1,97,94),(248,1,97,93),(249,1,98,17),(250,1,98,33),(251,1,99,78),(252,1,100,36),(253,1,100,4),(254,1,101,39),(255,1,101,53),(256,1,102,95),(257,1,103,72),(258,1,103,73),(259,1,104,65),(260,1,104,40),(261,1,104,42),(262,1,105,83),(263,1,105,36),(264,1,105,31),(265,1,105,93),(266,1,106,58),(267,1,107,47),(268,1,107,10),(269,1,108,37),(270,1,108,2),(271,1,108,68),(272,1,109,37),(273,1,110,88),(274,1,111,40),(275,1,111,78),(276,1,112,81),(277,1,112,81),(278,1,112,80),(279,1,113,76),(280,1,114,76),(281,1,114,57),(282,1,115,40),(283,1,115,81),(284,1,116,39),(285,1,116,34),(286,1,116,47),(287,1,116,22),(288,1,117,65),(289,1,117,9),(290,1,117,95),(291,1,117,32),(292,1,117,70),(293,1,118,56),(294,1,119,34),(295,1,119,68),(296,1,119,99),(297,1,119,67),(298,1,120,20),(299,1,121,27),(300,1,121,19),(301,1,121,25),(302,1,122,59),(303,1,122,68),(304,1,122,45),(305,1,122,73),(306,1,122,100),(307,1,123,57),(308,1,123,80),(309,1,123,87),(310,1,124,38),(311,1,124,27),(312,1,124,47),(313,1,124,45),(314,1,125,42),(315,1,125,26),(316,1,125,81),(317,1,125,91),(318,1,126,72),(319,1,126,24),(320,1,126,78),(321,1,126,45),(322,1,127,64),(323,1,128,93),(324,1,128,98),(325,1,128,61),(326,1,128,54),(327,1,129,76),(328,1,129,45),(329,1,130,61),(330,1,130,71),(331,1,130,70),(332,1,130,15),(333,1,130,41),(334,1,130,93),(335,1,131,27),(336,1,131,6),(337,1,132,96),(338,1,133,10),(339,1,134,27),(340,1,134,84),(341,1,135,81),(342,1,135,28),(343,1,136,86),(344,1,136,80),(345,1,136,69),(346,1,136,60),(347,1,136,38),(348,1,137,96),(349,1,138,57),(350,1,138,19),(351,1,139,51),(352,1,139,21),(353,1,140,28),(354,1,140,6),(355,1,141,87),(356,1,141,15),(357,1,142,58),(358,1,142,18),(359,1,142,47),(360,1,143,93),(361,1,143,68),(362,1,143,62),(363,1,143,84),(364,1,143,83),(365,1,144,72),(366,1,144,44),(367,1,144,55),(368,1,144,64),(369,1,145,87),(370,1,145,4),(371,1,145,14),(372,1,145,35),(373,1,146,8),(374,1,146,69),(375,1,146,32),(376,1,147,70),(377,1,148,68),(378,1,148,83),(379,1,149,35),(380,1,150,65),(381,1,150,78),(382,1,151,99),(383,1,151,49),(384,1,152,36),(385,1,152,37),(386,1,153,41),(387,1,154,7),(388,1,155,99),(389,1,156,75),(390,1,157,42),(391,1,157,29),(392,1,157,83),(393,1,158,26),(394,1,158,100),(395,1,158,29),(396,1,158,82),(397,1,159,69),(398,1,160,52),(399,1,160,93),(400,1,161,71),(401,1,162,46),(402,1,162,85),(403,1,162,27),(404,1,163,44),(405,1,163,42),(406,1,164,76),(407,1,164,20),(408,1,164,28),(409,1,165,56),(410,1,165,97),(411,1,165,65),(412,1,166,5),(413,1,167,19),(414,1,167,24),(415,1,167,94),(416,1,168,55),(417,1,169,98),(418,1,170,8),(419,1,170,56),(420,1,171,71),(421,1,172,98),(422,1,173,97),(423,1,173,94),(424,1,174,90),(425,1,175,31),(426,1,176,67),(427,1,177,80),(428,1,178,9),(429,1,178,57),(430,1,179,71),(431,1,180,8),(432,1,180,56),(433,1,181,67),(434,1,181,82),(435,1,181,56),(436,1,182,21),(437,1,182,69),(438,1,183,82),(439,1,184,97),(440,1,184,28),(441,1,184,63),(442,1,185,36),(443,1,185,48),(444,1,186,81),(445,1,187,5),(446,1,187,63),(447,1,188,51),(448,1,188,72),(449,1,189,19),(450,1,189,3),(451,1,189,6),(452,1,190,87),(453,1,190,17),(454,1,190,56),(455,1,190,29),(456,1,190,1),(457,1,191,86),(458,1,191,71),(459,1,192,39),(460,1,192,99),(461,1,192,74),(462,1,192,18),(463,1,193,29),(464,1,194,1),(465,1,195,65),(466,1,196,82),(467,1,196,73),(468,1,197,57),(469,1,197,95),(470,1,197,20),(471,1,197,79),(472,1,198,72),(473,1,198,78),(474,1,199,92),(475,1,199,71),(476,1,200,92),(477,1,200,2),(478,1,201,22),(479,1,201,100),(480,1,202,22),(481,1,203,82),(482,1,204,41),(483,1,204,91),(484,1,205,23),(485,1,206,71),(486,1,207,22),(487,1,207,34),(488,1,208,40),(489,1,208,16),(490,1,208,5),(491,1,208,3),(492,1,209,19),(493,1,209,34),(494,1,210,82),(495,1,211,7),(496,1,211,17),(497,1,212,4),(498,1,212,70),(499,1,212,21),(500,1,212,57),(501,1,212,84),(502,1,212,71),(503,1,213,17),(504,1,213,43),(505,1,213,79),(506,1,213,89),(507,1,213,90),(508,1,213,77),(509,1,214,33),(510,1,214,3),(511,1,215,40),(512,1,215,65),(513,1,216,76),(514,1,216,58),(515,1,216,14),(516,1,216,80),(517,1,216,100),(518,1,216,31),(519,1,217,16),(520,1,217,87),(521,1,218,91),(522,1,218,16),(523,1,218,9),(524,1,218,23),(525,1,218,37),(526,1,218,42),(527,1,219,88);


DROP TABLE IF EXISTS product;

CREATE TABLE product (
  id int NOT NULL,
  AirPressure varchar(255) DEFAULT NULL,
  EAN bigint NOT NULL,
  ETRTO varchar(255) DEFAULT NULL,
  Operation varchar(255) DEFAULT NULL,
  Size varchar(255) DEFAULT NULL,
  customType int NOT NULL,
  description varchar(255) DEFAULT NULL,
  lastupdate timestamp DEFAULT NULL,
  price double precision NOT NULL,
  rubberCompound varchar(255) DEFAULT NULL,
  techVersion varchar(255) DEFAULT NULL,
  weight int NOT NULL,
  PRIMARY KEY (id)
) ;

INSERT INTO product VALUES (1,'2,4 - 4,1 bar',4717784026121,'58-559','AM','26x2.30',0,'Minion DHF, 26x2.30, EXO TR','2022-04-01 12:00:00',53.5,'Dual','EXO TR',845),(2,'2,4 - 4,1 bar',4717784025940,'58-559','AM','26x2.30',0,'DHR II, 26x2.30, EXO TR','2022-04-01 12:00:00',53.5,'Dual','EXO TR',775),(3,'2,5 - 3,4 bar',4717784028026,'61-584','DH','27.5x2.40',0,'Minion DHR II, 27.5x2.40, DH, SuperTacky','2022-04-01 12:00:00',59.5,'SuperTacky','DH',1270),(4,'2,4 - 4,1 bar',4717784026763,'60-622','AM','29x2.35',0,'Ikon, 29x2.35, EXO TR, 3C MaxxSpeed','2022-04-10 08:00:00',67.73,'3C MaxxSpeed','EXO TR',740),(5,'2,4 - 4,1 bar',4717784029191,'58-559','AM','27.5x2.30',0,'Minion DHF, 27.5x2.30, EXO TR','2022-04-01 12:00:00',53.5,'Dual','EXO TR',850),(6,'2,4 - 4,1 bar',4717784031422,'58-622','AM','29x2.30',0,'Aggressor, 29x2.30, EXO TR','2022-04-01 12:00:00',53.5,'Dual','EXO TR',900),(7,'2,4 - 4,1 bar',4717784030326,'58-584','AM','27.5x2.30',0,'Minion SemiSlick, 27.5x2.30, EXO TR','2022-04-10 08:00:00',58.85,'Dual','EXO TR',775),(8,'2,4 - 4,1 bar',4717784025902,'58-559','AM / EN','26x2.30',0,'HighRoller II, 26x2.30, EXO TR, 3C MaxxTerra','2022-04-01 12:00:00',69.5,'3C MaxxTerra','EXO TR',840),(9,'2,5 - 3,4 bar',4717784019734,'55-559','DH','26x2.50',0,'Minion DH F, 26x2.50, DH, MaxxPro','2022-04-01 12:00:00',59.5,'MaxxPro','DH',1180),(10,'2,4 - 4,1 bar',4717784031385,'53-622','AM','29x2.10',0,'Crossmark II, 29x2.10, TR','2022-04-01 12:00:00',48.5,'Dual','TR',655),(11,'2,5 - 3,4 bar',4717784032108,'61-584','AM','27.5x2.40',0,'HighRoller II, 27.5x2.40, e-Bike, SilkShield','2022-04-10 08:00:00',58.85,'MaxxPro','SilkShield ECE-R75',975),(12,'2,4 - 4,1 bar',4717784031668,'58-559','AM','26x2.30',0,'Aggressor, 26x2.30, EXO TR','2022-04-01 12:00:00',53.5,'Dual','EXO TR',815),(13,'2,4 - 4,1 bar',4717784031866,'58-622','EN','29x2.30',0,'DHR II, 29x2.30, DD TR, 3C MaxxTerra','2022-04-01 12:00:00',74.5,'3C MaxxTerra','DD TR',1055),(14,'2,4 - 4,1 bar',4717784031644,'60-622','XC / AM','29x2.35',0,'Ardent Race, 29x2.35, TR, 3C MaxxSpeed','2022-04-01 12:00:00',59.5,'3C MaxxSpeed','TR',695),(15,'4,1 bar',4717784033181,'61-507','AM / EN','24x2,40',0,'Minion DHF, 24x2.40, EXO TR, 3C MaxxTerra','2022-04-01 12:00:00',69.5,'3C MaxxTerra','EXO TR',765),(16,'2,4 - 4,1 bar',4717784031620,'60-584','XC / AM','27.5x2.35',0,'Ardent Race, 27.5x2.35, TR, 3C MaxxSpeed -EOL-','2022-04-01 12:00:00',69.5,'3C MaxxSpeed','TR',655),(17,'2,4 - 4,1 bar',4717784032009,'56-584','AM','27.5x2.20',0,'Forekaster, 27.5x2.20, TR','2022-04-01 12:00:00',51.5,'Dual','TR',605),(18,'2,4 - 4,1 bar',4717784031118,'58-584','EN','27.5x2.30',0,'Aggressor, 27.5x2.30, DD TR','2022-04-01 12:00:00',69.5,'Dual','DD TR',1050),(19,'2,4 - 4,1 bar',4717784029542,'50-584','XC','27,5x2.00',0,'Crossmark, 27.5x2.10, EXO TR','2022-04-01 12:00:00',69.5,'Dual','TR',585),(20,'',4717784024226,'54/56-622','AM','29x2.25',0,'Ardent 29x2.25, LUST -EOL-','2022-04-01 12:00:00',69.5,'62a','LUST',870),(21,'2,4 - 4,1 bar',4717784031958,'58-622','EN','29x2.30',0,'Minion SS, 29x2.30, DD TR','2022-04-01 12:00:00',69.5,'Dual','DD TR',1040),(22,'2,4 - 4,1 bar',4717784033280,'57-622','XC','29x2.25',0,'Rekon, 29x2.25, TR, 3C MaxxSpeed','2022-04-01 12:00:00',59.5,'3C MaxxSpeed','TR',610),(23,'2,5 - 3,4 bar',4717784019598,'55-559','DH','26x2.50',0,'Minion DHF, 26x2.50, DH, 3C MaxxGrip','2022-04-01 12:00:00',74.5,'3C MaxxGrip','DH',1265),(24,'2,5 - 3,4 bar',4717784032122,'56-584','AM','27.5x2.20',0,'Ikon, 27.5x2.20, e-Bike, SilkShield','2022-04-01 12:00:00',53.5,'MaxxPro','SilkShield ECE-R75',685),(25,'2,4 - 4,1 bar',4717784031392,'53-622','AM','29x2.10',0,'Crossmark II, 29x2.10, EXO TR','2022-04-10 08:00:00',61.52,'Dual','EXO TR',700),(26,'2,4 - 4,1 bar',4717784027982,'58-584','AM / EN','27.5x2.30',0,'Shorty, 27.5x2.30, EXO TR, 3C MaxxTerra','2022-04-01 12:00:00',69.5,'3C MaxxTerra','EXO TR',865),(27,'2,5 - 3,4 bar',4717784034454,'63-622','AM / EN','29x2.50WT',0,'Minion DHF, 29x2.50WT, EXO TR, 3C MaxxGrip','2022-04-01 12:00:00',69.5,'3C MaxxGrip','EXO TR',1055),(28,'2,4 - 4,1 bar',4717784028002,'58-622','AM / EN','29x2.30',0,'Shorty, 29x2.30, EXO TR, 3C MaxxTerra','2022-04-01 12:00:00',69.5,'3C MaxxTerra','EXO TR',910),(29,'2,4 - 4,1 bar',4717784031989,'58-622','EN','29x2.30',0,'Minion DHF, 29x2.30, DD TR, 3C MaxxTerra','2022-04-01 12:00:00',74.5,'3C MaxxTerra','DD TR',1135),(30,'2,4 - 4,1 bar',4717784025995,'56-559','XC','26x2.20',0,'Ardent Race, 26x2.20, EXO TR, 3C MaxxSpeed','2022-04-01 12:00:00',64.5,'3C MaxxSpeed','EXO TR',650),(31,'1,7 - 3,8 bar',4717784017778,'55-559','DH','26x2.35',0,'HighRoller DH UST, 26x2.35 SuperTacky','2022-04-01 12:00:00',59.5,'SuperTacky','DH UST',845),(32,'2,4 - 4,1 bar',4717784030272,'50-622','XC','29x2.00',0,'Race TT, 29x2.00, EXO TR','2022-04-01 12:00:00',53.5,'Dual','EXO TR',665),(33,'2,5 - 4,1 bar',4717784029146,'53-622','XC','29x2.10',0,'Tread Lite, 29x2.10, EXO TR','2022-04-10 08:00:00',58.85,'Dual','EXO TR',630),(34,'2,5 - 3,4 bar',4717784030937,'61-622','AM / EN','29x2.40WT',0,'DHR II, 29x2.40WT, EXO TR','2022-04-01 12:00:00',53.5,'Dual','EXO TR',955),(35,'4,1 bar',4717784031125,'61-584','DH','27.5x2.40',0,'HighRoller II, 27.5x2.40, DH, TR, 3C MaxxGrip','2022-04-01 12:00:00',74.5,'3C MaxxGrip','DH TR',1230),(36,'2,4 - 4,1 bar',4717784026640,'52-622','XC','29x2.10',0,'Crossmark, 29x2.10, EXO TR -EOL-','2022-04-10 08:00:00',81.95,'Dual','EXO TR',700),(37,'2,4 - 4,1 bar',4717784032023,'60-584','AM','27.5x2.35',0,'Forekaster, 27.5x2.35, EXO TR','2022-04-01 12:00:00',53.5,'Dual','EXO TR',690),(38,'2,4 - 4,1 bar',4717784028132,'58/60-559','XC','26x2.40',0,'Ardent, 26x2.40, TR -EOL-','2022-04-01 12:00:00',53.5,'Dual','TR',685),(39,'2,4 - 4,1 bar',4717784031316,'60-622','AM','29x2.35',0,'Forekaster, 29x2.35, EXO TR','2022-04-01 12:00:00',53.5,'Dual','EXO TR',735),(40,'2,4 - 4,1 bar',4717784031842,'58-559','EN','26x2.30',0,'DHR II, 26x2.30, DD TR, 3C MaxxTerra','2022-04-01 12:00:00',74.5,'3C MaxxTerra','DD TR',955),(41,'2,4 - 4,1 bar',4717784026756,'60-622','XC / AM','29x2.35',0,'Ikon, 29x2.35, TR, 3C MaxxSpeed','2022-04-01 12:00:00',74.5,'3C MaxxSpeed','TR',695),(42,'2,4 - 4,1 bar',4717784026756,'52-559','','26x2.35',0,'Ignitor UST, 26x2.35','2022-04-01 12:00:00',40,'70a','',850),(43,'2,4 - 4,1 bar',4717784027364,'56-584','AM','27.5x2.25',0,'Ardent, 27.5x2.25, TR -EOL-','2022-04-01 12:00:00',40,'Dual','TR',715),(44,'4,1 bar',4717784031378,'53-584','XC','27.5x2.10',0,'Crossmark II, 27.5x2.10, EXO TR','2022-04-01 12:00:00',53.5,'Dual','EXO TR',655),(45,'2,5 - 3,4 bar',4717784033846,'61-584','AM','29x2.40WT',0,'Rekon, 29x2.40WT, EXO TR','2022-04-01 12:00:00',53.5,'Dual','EXO TR',798),(46,'2,5 - 3,4 bar',4717784031460,'55-584','DH','27.5x2.50',0,'Wetscream, 27.5x2.50, DD, SuperTacky','2022-04-01 12:00:00',59.5,'SuperTacky','DD',1015),(47,'2,4 - 4,1 bar',4717784026633,'52-622','XC','29x2.10',0,'Crossmark, 29x2.10, TR','2022-04-01 12:00:00',48.5,'Dual','TR',645),(48,'2,4 - 4,1 bar',4717784028170,'50-622','XC','29x2.00',0,'Ikon, 29x2.00, TR, 3C MaxxSpeed','2022-04-01 12:00:00',48.5,'3C MaxxSpeed','TR',580),(49,'2,5 - 3,4 bar',4717784028170,'63-622','AM / EN','29x2.50WT',0,'Assegai, 29x2.50WT, EXO TR, 3C MaxxTerra','2022-04-01 12:00:00',69.5,'3C MaxxTerra','EXO TR',1100),(50,'2,5 - 3,4 bar',4717784034461,'61-622','AM','29x2.40WT',0,'DHR II, 29x2.40WT, EXO TR, 3C MaxxGrip','2022-04-01 12:00:00',69.5,'3C MaxxGrip','EXO TR',994),(51,'2,5 - 3,4 bar',4717784034461,'63-584','EN','27.5x2.50WT',0,'Assegai, 27.5x2.50WT, DD TR, 3C MaxxGrip','2022-04-01 12:00:00',74.5,'3C MaxxGrip','DD TR',1225),(52,'2,5 - 4,1 bar',4717784029122,'53-584','XC','27.5x2.10',0,'Tread Lite, 27.5x2.10, EXO TR','2022-04-01 12:00:00',53.5,'Dual','EXO TR',595),(53,'2,5 - 3,4 bar',4717784032757,'61-584','DH','27.5x2.40',0,'Minion DHR II, 27.5x2.40, DH, MaxxPro','2022-04-01 12:00:00',59.5,'MaxxPro','DH',1285),(54,'2,5 - 3,4 bar',4717784030852,'63-584','AM','27.5x2.50WT',0,'Minion DHF, 27.5x2.50WT, EXO TR','2022-04-01 12:00:00',53.5,'Dual','EXO TR',980),(55,'2,4 - 4,1 bar',4717784026176,'58-622','AM / EN','29x2.30',0,'Minion DHF, 29x2.30, EXO TR, 3C MaxxTerra','2022-04-01 12:00:00',69.5,'3C MaxxTerra','EXO TR',925),(56,'2,5 - 3,4 bar',4717784030906,'61-559','AM / EN','26x2.40WT',0,'DHR II, 26x2.40WT, EXO TR, 3C MaxxTerra','2022-04-01 12:00:00',69.5,'3C MaxxTerra','EXO TR',865),(57,'3,4 - 5,1 bar',4717784031019,'40-622','Gravel','700x40C',0,'RE-FUSE, 700x40C, MS + TR','2022-04-01 12:00:00',69.5,'Dual','MaxxShield TR',520),(58,'2,4 - 4,1 bar',4717784028668,'57-559','XC','26x2.25',0,'Crossmark, 26x2.25, TR + EXO -EOL-','2022-04-01 12:00:00',69.5,'Dual','TR EXO',655),(59,'2,4 - 4,1 bar',4717784026671,'56-584','XC','27.5x2.20',0,'Ikon, 27.5x2.20, EXO TR, 3C MaxxSpeed','2022-04-01 12:00:00',64.5,'3C MaxxSpeed','EXO TR',600),(60,'2,5 - 3,4 bar',4717784030883,'63-584','EN','27.5x2.50WT',0,'Minion DHF, 27.5x2.50WT, DD TR, 3C MaxxGrip','2022-04-01 12:00:00',74.5,'3C MaxxGrip','DD TR',1170),(61,'2,4 - 4,1 bar',4717784026664,'60-559','AM','26x2.35',0,'Ikon, 26x2.35, EXO TR, 3C MaxxSpeed','2022-04-01 12:00:00',64.5,'3C MaxxSpeed','EXO TR',680),(62,'2,4 - 4,1 bar',4717784031699,'61-622','AM','29x2.40',0,'Ardent Skinwall, 29x2.40, EXO TR','2022-04-01 12:00:00',53.5,'Dual','EXO TR',850),(63,'2,4 - 4,1 bar',4717784033297,'57-622','XC','29x2.25',0,'Rekon, 29x2.25, EXO TR, 3C MaxxSpeed','2022-04-01 12:00:00',64.5,'3C MaxxSpeed','EXO TR',670),(64,'2,5 - 4,1 bar',4717784030999,'50-584','Gravel','27.5x2.00',0,'RE-FUSE, 27.5x2.00, MS + TR','2022-04-10 08:00:00',54.45,'Dual','MaxxShield TR',610),(65,'4,1 bar',4717784031729,'56-584','XC','27.5x2.20',0,'Ikon Skinwall, 27.5x2.20, TR','2022-04-01 12:00:00',53.5,'Dual','TR',590),(66,'2,4 - 4,1 bar',4717784026015,'60-622','XC','29x2.20',0,'Ardent Race, 29x2.20, EXO TR, 3C MaxxSpeed','2022-04-01 12:00:00',64.5,'3C MaxxSpeed','EXO TR',720),(67,'2,4 - 4,1 bar',4717784026572,'56-622','AM','29x2.25',0,'Ardent, 29x2.25, TR','2022-04-01 12:00:00',64.5,'Dual','TR',755),(68,'2,4 - 4,1 bar',4717784025780,'57-622','XC','29x2.20',0,'Ikon, 29x2.20, EXO TR, 3C MaxxSpeed','2022-04-01 12:00:00',64.5,'3C MaxxSpeed','EXO TR',640),(69,'2,5 - 3,4 bar',4717784025797,'63-622','DH','29x2.50WT',0,'Minion DHF, 29x2.50WT, DH, TR, EXO','2022-04-01 12:00:00',59.5,'Dual','DH EXO TR',1250),(70,'2,4 - 4,1 bar',4717784028347,'50-559','XC','26x2.00',0,'Beaver, 26x2.00, EXO TR','2022-04-01 12:00:00',53.5,'Dual','EXO TR',540),(71,'2,5 - 3,4 bar',4717784028347,'63-622','AM','29x2.50WT',0,'Assegai, 29x2.50WT, EXO TR','2022-04-01 12:00:00',55.5,'Dual','EXO TR',1100),(72,'2,4 - 4,1 bar',4717784031682,'58-584','AM','27.5x2.30',0,'Minion DHF Skinwall, 27.5x2.30, EXO TR, 3C MaxxTerra','2022-04-10 08:00:00',76.63,'3C MaxxTerra','EXO TR',880),(73,'2,4 - 4,1 bar',4717784031439,'58-622','EN','29x2.30',0,'Aggressor, 29x2.30, DD TR','2022-04-01 12:00:00',69.5,'Dual','DD TR',1115),(74,'2,5 - 3,4 bar',4717784028019,'61-584','DH','27.5x2.40',0,'Minion DHR II, 27.5x2.40, DH, 3C MaxxGrip','2022-04-01 12:00:00',74.5,'3C MaxxGrip','DH',1315),(75,'2,5 - 4,1 bar',4717784029115,'53-584','XC','27.5x2.10',0,'Tread Lite, 27.5x2.10, TR','2022-04-01 12:00:00',48.5,'Dual','TR',555),(76,'2,5 - 3,4 bar',4717784033853,'61-584','AM','27.5x2.40WT',0,'Rekon, 27.5x2.40WT, EXO TR','2022-04-01 12:00:00',53.5,'Dual','EXO TR',743),(77,'2,4 - 4,1 bar',4717784027845,'61-622','AM','29x2.40',0,'Ardent, 29x2.40, TR -EOL-','2022-04-01 12:00:00',53.5,'Dual','TR',755),(78,'2,5 - 3,4 bar',4717784033266,'63-622','EN','29x2.50WT',0,'DHF, 29x2.50WT, DD TR, 3C MaxxTerra','2022-04-01 12:00:00',74.5,'3C MaxxTerra','DD TR',1224),(79,'2,4 - 4,1 bar',4717784030609,'58-584','AM / EN','27.5x2.30',0,'DHR II, 27.5x2.30, EXO TR','2022-04-01 12:00:00',53.5,'3C MaxxTerra','EXO TR',790),(80,'2,4 - 4,1 bar',4717784030289,'50-622','XC','29x2.00',0,'Race TT, 29x2.00, TR','2022-04-01 12:00:00',53.5,'Dual','TR',620),(81,'2,4 - 4,1 bar',4717784033365,'57-622','XC','29x2.25',0,'Rekon Race, 29x2.25, TR','2022-04-01 12:00:00',48.5,'Dual','TR',615),(82,'2,4 - 4,1 bar',4717784026114,'56-584','AM','27.5x2.20',0,'Ardent Race, 27.5x2.20, EXO TR, 3C MaxxSpeed','2022-04-01 12:00:00',64.5,'3C MaxxSpeed','EXO TR',680),(83,'2,4 - 4,1 bar',4717784030104,'58-584','EN','27.5x2,30',0,'HighRoller II, 27.5x2.30, DD TR, 3C MaxxTerra','2022-04-01 12:00:00',74.5,'3C MaxxTerra','DD TR',1055),(84,'2,5 - 3,4 bar',4717784030104,'63-584','AM / EN','27.5x2.50WT',0,'Assegai, 27.5x2.50WT, EXO TR, 3C MaxxTerra','2022-04-01 12:00:00',69.5,'3C MaxxTerra','EXO TR',1020),(85,'2,4 - 4,1 bar',4717784027371,'57-584','AM','27.5x2.25',0,'Ardent, 27.5x2.25, EXO TR','2022-04-01 12:00:00',53.5,'Dual','EXO TR',760),(86,'2,4 - 4,1 bar',4717784026732,'58-584','AM / EN','27.5x2.30',0,'Minion DHF, 27.5x2.30, EXO TR, 3C MaxxTerra','2022-04-01 12:00:00',69.5,'3C MaxxTerra','EXO TR',850),(87,'2,4 - 4,1 bar',4717784031637,'60-584','AM','27.5x.35',0,'Ardent Race, 27.5x2.35, EXO TR, 3C MaxxSpeed','2022-04-01 12:00:00',64.5,'3C MaxxSpeed','EXO TR',705),(88,'2,4 - 4,1 bar',4717784026589,'56-622','AM','29x2.25',0,'Ardent, 29x2.25, EXO TR','2022-04-01 12:00:00',53.5,'Dual','EXO TR',800),(89,'2,5 - 3,4 bar',4717784026589,'63-622','EN','29x2.50WT',0,'Assegai, 29x2.50WT, DD TR, 3C MaxxGrip','2022-04-01 12:00:00',74.5,'3C MaxxGrip','DD TR',1305),(90,'2,4 - 4,1 bar',4717784026688,'60-584','AM','27.5x2.35',0,'Ikon, 27.5x2.35, EXO TR, 3C MaxxSpeed','2022-04-01 12:00:00',64.5,'3C MaxxSpeed','EXO TR',705),(91,'2,4 - 4,1 bar',4717784025896,'58-559','AM','26x2.30',0,'HighRoller II, 26x2.30, EXO TR','2022-04-01 12:00:00',53.5,'Dual','EXO TR',815),(92,'2,4 - 4,1 bar',4717784031415,'57-622','AM','29x2.25',0,'Crossmark II, 29x2.25, EXO TR','2022-04-01 12:00:00',53.5,'Dual','EXO TR',780),(93,'2,5 - 4,1 bar',4717784023281,'54/56-559','AM','26x2.25',0,'Ardent, 26x2.25, LUST','2022-04-01 12:00:00',59.5,'EXC','LUST',830),(94,'2,5 - 3,4 bar',4717784016627,'55-559','DH','26x2.50',0,'Minion DH F, 26x2.50, DH SuperTacky','2022-04-01 12:00:00',59.5,'SuperTacky','DH',1200),(95,'2,4 - 4,1 bar',4717784028361,'50-622','XC','29x2.00',0,'Beaver, 29x2.00, EXO TR','2022-04-01 12:00:00',53.5,'Dual','EXO TR',600),(96,'2,5 - 3,4 bar',4717784034478,'58-507','AM / EN','24x2.30',0,'DHR II, 24x2.30, EXO TR','2022-04-01 12:00:00',53.5,'Dual','EXO TR',750),(97,'2,5 - 3,4 bar',4717784033143,'64-584','EN','27.5x2.50WT',0,'HighRoller II, 27.5x2.50WT, DD TR, 3C MaxxTerra','2022-04-10 08:00:00',89.4,'3C MaxxTerra','DD TR',1115),(98,'2,5 - 3,4 bar',4717784027920,'61-584','DH','27.5x2.50',0,'Minion DHF, 27.5x2.50, DH, 3C MaxxGrip','2022-04-01 12:00:00',74.5,'3C MaxxGrip','DH',1390),(99,'2,4 - 4,1 bar',4717784031712,'57-622','XC','29x2.20',0,'Ikon Skinwall, 29x2.20, EXO TR, Dual','2022-04-01 12:00:00',53.5,'Dual','EXO TR Skinwall',690),(100,'3,4 - 5,1 bar',4717784031002,'32-622','Gravel','700x32C',0,'RE-FUSE, 700x32C, MS + TR','2022-04-01 12:00:00',69.5,'Dual','MaxxShield TR',390);

DROP TABLE IF EXISTS purchase;

CREATE TABLE purchase (
  id int NOT NULL,
  deliveryDate timestamp DEFAULT NULL,
  lastupdate timestamp DEFAULT NULL,
  orderDate timestamp DEFAULT NULL,
  orderNo int NOT NULL,
  pieces int NOT NULL DEFAULT 0,
  shipDate timestamp DEFAULT NULL,
  customer_id int DEFAULT NULL,
  PRIMARY KEY (id)
);


INSERT INTO purchase VALUES (0,'2022-04-04 12:58:00','2022-04-04 13:23:00','2022-04-01 06:17:00',20229000,1,'2022-04-02 09:27:00',21),(1,'2022-04-04 13:12:00','2022-04-04 14:40:00','2022-04-01 07:10:00',20225003,6,'2022-04-02 09:54:00',51),(2,'2022-04-04 14:53:00','2022-04-04 15:11:00','2022-04-01 08:19:00',20222006,2,'2022-04-02 10:22:00',10),(3,'2022-04-04 13:16:00','2022-04-04 14:23:00','2022-04-01 09:49:00',20225009,3,'2022-04-02 11:19:00',19),(4,'2022-04-05 11:09:00','2022-04-05 12:44:00','2022-04-01 13:17:00',20228012,2,'2022-04-02 14:58:00',27),(5,'2022-04-05 14:30:00','2022-04-05 15:24:00','2022-04-01 13:29:00',20225015,4,'2022-04-02 17:35:00',49),(6,'2022-04-06 15:04:00','2022-04-06 16:47:00','2022-04-01 15:53:00',20225018,3,'2022-04-04 10:08:00',17),(7,'2022-04-06 17:40:00','2022-04-06 17:52:00','2022-04-01 18:52:00',20226021,2,'2022-04-04 12:01:00',43),(8,'2022-04-06 16:55:00','2022-04-06 18:04:00','2022-04-01 20:42:00',20226024,2,'2022-04-04 13:12:00',24),(9,'2022-04-06 17:08:00','2022-04-06 17:24:00','2022-04-01 21:09:00',20227027,4,'2022-04-04 14:16:00',44),(10,'2022-04-04 16:47:00','2022-04-04 18:38:00','2022-04-01 22:02:00',20222030,1,'2022-04-02 08:56:00',4),(11,'2022-04-07 09:07:00','2022-04-07 09:32:00','2022-04-02 13:28:00',20226033,2,'2022-04-04 15:04:00',12),(12,'2022-04-07 11:43:00','2022-04-07 13:20:00','2022-04-02 13:47:00',20221036,2,'2022-04-04 16:41:00',33),(13,'2022-04-06 14:57:00','2022-04-06 16:39:00','2022-04-02 14:51:00',20228039,4,'2022-04-04 10:36:00',12),(14,'2022-04-06 16:00:00','2022-04-06 17:29:00','2022-04-02 18:12:00',20220042,4,'2022-04-04 11:38:00',29),(15,'2022-04-06 13:08:00','2022-04-06 15:06:00','2022-04-02 18:52:00',20227045,2,'2022-04-04 11:03:00',37),(16,'2022-04-06 14:09:00','2022-04-06 15:51:00','2022-04-02 22:03:00',20220048,2,'2022-04-04 08:37:00',13),(17,'2022-04-07 09:24:00','2022-04-07 10:44:00','2022-04-02 22:24:00',20224051,2,'2022-04-04 14:25:00',4),(18,'2022-04-06 10:32:00','2022-04-06 11:19:00','2022-04-02 23:51:00',20224054,2,'2022-04-04 08:34:00',2),(19,'2022-04-06 15:47:00','2022-04-06 15:47:00','2022-04-02 23:54:00',20222057,1,'2022-04-04 09:54:00',25),(20,'2022-04-07 10:47:00','2022-04-07 12:44:00','2022-04-03 10:05:00',20222060,3,'2022-04-04 12:52:00',22),(21,'2022-04-06 13:16:00','2022-04-06 14:47:00','2022-04-03 10:18:00',20228063,5,'2022-04-04 10:40:00',45),(22,'2022-04-07 10:22:00','2022-04-07 11:00:00','2022-04-03 13:44:00',20225066,4,'2022-04-04 16:10:00',17),(23,'2022-04-06 09:18:00','2022-04-06 10:35:00','2022-04-03 14:29:00',20222069,1,'2022-04-04 17:52:00',41),(24,'2022-04-07 16:08:00','2022-04-07 17:40:00','2022-04-03 14:30:00',20228072,1,'2022-04-05 09:34:00',8),(25,'2022-04-07 13:12:00','2022-04-07 14:24:00','2022-04-03 16:26:00',20220075,2,'2022-04-05 09:55:00',31),(26,'2022-04-07 16:51:00','2022-04-07 18:45:00','2022-04-03 19:45:00',20229078,6,'2022-04-05 13:20:00',6),(27,'2022-04-08 09:33:00','2022-04-08 10:33:00','2022-04-03 20:59:00',20227081,3,'2022-04-05 14:32:00',4),(28,'2022-04-06 15:48:00','2022-04-06 17:32:00','2022-04-03 21:05:00',20220084,4,'2022-04-04 09:46:00',21),(29,'2022-04-06 15:40:00','2022-04-06 15:55:00','2022-04-03 21:08:00',20227087,3,'2022-04-04 09:59:00',35),(30,'2022-04-06 11:50:00','2022-04-06 12:13:00','2022-04-03 23:00:00',20223090,1,'2022-04-04 09:34:00',30),(31,'2022-04-07 16:34:00','2022-04-07 18:29:00','2022-04-04 08:01:00',20222093,1,'2022-04-05 11:54:00',40),(32,'2022-04-08 11:51:00','2022-04-08 12:35:00','2022-04-04 11:32:00',20226096,3,'2022-04-05 16:18:00',38),(33,'2022-04-08 11:19:00','2022-04-08 11:39:00','2022-04-04 11:48:00',20228099,3,'2022-04-05 15:34:00',32),(34,'2022-04-07 15:58:00','2022-04-07 15:58:00','2022-04-04 12:44:00',20229102,2,'2022-04-05 14:10:00',42),(35,'2022-04-08 12:16:00','2022-04-08 13:00:00','2022-04-04 14:09:00',20224105,6,'2022-04-05 14:37:00',36),(36,'2022-04-08 09:44:00','2022-04-08 10:10:00','2022-04-04 14:10:00',20223108,1,'2022-04-05 15:34:00',7),(37,'2022-04-08 13:12:00','2022-04-08 13:43:00','2022-04-04 15:12:00',20223111,2,'2022-04-06 10:55:00',41),(38,'2022-04-08 13:37:00','2022-04-08 14:11:00','2022-04-04 15:55:00',20222114,4,'2022-04-06 09:13:00',26),(39,'2022-04-08 14:38:00','2022-04-08 15:59:00','2022-04-04 16:53:00',20227117,2,'2022-04-06 09:55:00',8),(40,'2022-04-09 09:01:00','2022-04-09 10:34:00','2022-04-05 11:51:00',20224120,3,'2022-04-06 14:04:00',31),(41,'2022-04-09 10:46:00','2022-04-09 11:13:00','2022-04-05 11:52:00',20227123,1,'2022-04-06 15:13:00',5),(42,'2022-04-09 13:01:00','2022-04-09 13:58:00','2022-04-05 14:18:00',20223126,1,'2022-04-07 09:10:00',7),(43,'2022-04-09 12:13:00','2022-04-09 12:35:00','2022-04-05 14:32:00',20225129,2,'2022-04-06 15:30:00',42),(44,'2022-04-09 15:24:00','2022-04-09 16:54:00','2022-04-05 16:21:00',20228132,1,'2022-04-07 10:39:00',7),(45,'2022-04-09 15:35:00','2022-04-09 16:03:00','2022-04-05 16:39:00',20221135,3,'2022-04-07 10:18:00',22),(46,'2022-04-09 17:41:00','2022-04-09 17:49:00','2022-04-05 16:43:00',20228138,5,'2022-04-07 09:47:00',23),(47,'2022-04-09 17:29:00','2022-04-09 17:31:00','2022-04-05 18:08:00',20229141,2,'2022-04-07 13:03:00',2),(48,'2022-04-09 16:01:00','2022-04-09 17:42:00','2022-04-05 19:49:00',20224144,4,'2022-04-07 13:29:00',23),(49,'2022-04-09 15:44:00','2022-04-09 16:29:00','2022-04-05 21:23:00',20224147,3,'2022-04-07 12:58:00',6),(50,'2022-04-09 14:58:00','2022-04-09 15:49:00','2022-04-06 00:31:00',20222150,4,'2022-04-07 09:18:00',50),(51,'2022-04-09 14:49:00','2022-04-09 15:40:00','2022-04-06 01:44:00',20224153,4,'2022-04-07 09:54:00',35),(52,'2022-04-09 17:50:00','2022-04-09 19:29:00','2022-04-06 09:38:00',20223156,1,'2022-04-07 12:18:00',46),(53,'2022-04-09 16:07:00','2022-04-09 16:53:00','2022-04-06 09:48:00',20225159,1,'2022-04-07 11:07:00',46),(54,'2022-04-09 17:17:00','2022-04-09 17:34:00','2022-04-06 11:46:00',20225162,3,'2022-04-07 14:05:00',43),(55,'2022-04-09 14:45:00','2022-04-09 14:58:00','2022-04-06 11:55:00',20228165,4,'2022-04-07 16:02:00',19),(56,'2022-04-11 13:32:00','2022-04-11 13:41:00','2022-04-06 13:54:00',20229168,5,'2022-04-08 09:18:00',43),(57,'2022-04-09 09:21:00','2022-04-09 10:49:00','2022-04-06 14:14:00',20229171,3,'2022-04-07 16:47:00',8),(58,'2022-04-11 12:52:00','2022-04-11 14:41:00','2022-04-06 14:18:00',20220174,2,'2022-04-07 17:56:00',5),(59,'2022-04-11 15:41:00','2022-04-11 16:07:00','2022-04-06 18:29:00',20222177,1,'2022-04-08 12:45:00',15),(60,'2022-04-11 09:03:00','2022-04-11 09:25:00','2022-04-06 19:13:00',20222180,1,'2022-04-08 11:18:00',1),(61,'2022-04-11 13:50:00','2022-04-11 15:41:00','2022-04-06 19:33:00',20227183,1,'2022-04-08 10:38:00',52),(62,'2022-04-11 16:21:00','2022-04-11 17:58:00','2022-04-06 20:39:00',20223186,5,'2022-04-08 13:07:00',25),(63,'2022-04-09 11:02:00','2022-04-09 12:39:00','2022-04-06 21:16:00',20226189,1,'2022-04-07 08:55:00',26),(64,'2022-04-09 15:00:00','2022-04-09 15:58:00','2022-04-06 23:46:00',20223192,1,'2022-04-07 08:04:00',26),(65,'2022-04-11 12:25:00','2022-04-11 13:12:00','2022-04-07 02:21:00',20223195,2,'2022-04-08 08:47:00',2),(66,'2022-04-11 14:05:00','2022-04-11 15:28:00','2022-04-07 08:32:00',20223198,6,'2022-04-08 11:49:00',51),(67,'2022-04-11 16:27:00','2022-04-11 18:18:00','2022-04-07 11:52:00',20222201,2,'2022-04-08 13:34:00',27),(68,'2022-04-11 12:02:00','2022-04-11 12:52:00','2022-04-07 14:12:00',20226204,3,'2022-04-08 17:11:00',38),(69,'2022-04-11 16:46:00','2022-04-11 18:45:00','2022-04-07 16:06:00',20221207,1,'2022-04-09 09:33:00',9),(70,'2022-04-11 13:43:00','2022-04-11 15:15:00','2022-04-07 16:35:00',20226210,3,'2022-04-09 10:33:00',19),(71,'2022-04-11 16:46:00','2022-04-11 16:56:00','2022-04-07 17:35:00',20226213,6,'2022-04-09 12:21:00',23),(72,'2022-04-11 15:34:00','2022-04-11 17:27:00','2022-04-07 17:43:00',20222216,1,'2022-04-09 09:44:00',30),(73,'2022-04-11 13:54:00','2022-04-11 14:31:00','2022-04-07 19:27:00',20229219,1,'2022-04-09 12:57:00',53),(74,'2022-04-12 09:06:00','2022-04-12 10:54:00','2022-04-07 19:57:00',20221222,1,'2022-04-09 14:26:00',54),(75,'2022-04-12 10:48:00','2022-04-12 12:03:00','2022-04-07 20:09:00',20224225,2,'2022-04-09 13:14:00',55),(76,'2022-04-11 10:51:00','2022-04-11 12:32:00','2022-04-07 21:00:00',20225228,1,'2022-04-08 08:25:00',8),(77,'2022-04-11 15:32:00','2022-04-11 17:15:00','2022-04-07 22:03:00',20229231,3,'2022-04-08 09:58:00',35),(78,'2022-04-11 15:54:00','2022-04-11 17:01:00','2022-04-07 22:12:00',20228234,6,'2022-04-08 08:47:00',54),(79,'2022-04-11 15:40:00','2022-04-11 17:00:00','2022-04-07 22:32:00',20227237,3,'2022-04-08 09:42:00',56),(80,'2022-04-11 12:38:00','2022-04-11 13:27:00','2022-04-08 01:01:00',20223240,1,'2022-04-09 08:05:00',13),(81,'2022-04-11 17:03:00','2022-04-11 18:15:00','2022-04-08 10:36:00',20226243,2,'2022-04-09 13:17:00',27),(82,'2022-04-12 11:55:00','2022-04-12 13:24:00','2022-04-08 10:41:00',20221246,2,'2022-04-09 14:09:00',48),(83,'2022-04-11 17:18:00','2022-04-11 18:09:00','2022-04-08 11:27:00',20225249,3,'2022-04-09 13:53:00',5),(84,'2022-04-12 11:47:00','2022-04-12 12:42:00','2022-04-08 15:10:00',20223252,3,'2022-04-09 16:24:00',21),(85,'2022-04-13 12:39:00','2022-04-13 13:40:00','2022-04-08 15:45:00',20227255,1,'2022-04-11 09:44:00',46),(86,'2022-04-14 09:04:00','2022-04-14 09:36:00','2022-04-08 16:46:00',20224258,3,'2022-04-11 11:13:00',57),(87,'2022-04-13 17:34:00','2022-04-13 18:19:00','2022-04-08 16:52:00',20227261,1,'2022-04-11 10:43:00',28),(88,'2022-04-13 17:55:00','2022-04-13 19:15:00','2022-04-08 18:30:00',20221264,3,'2022-04-11 12:52:00',39),(89,'2022-04-13 12:15:00','2022-04-13 13:52:00','2022-04-09 02:35:00',20228267,1,'2022-04-11 09:08:00',18),(90,'2022-04-13 15:30:00','2022-04-13 17:18:00','2022-04-09 02:48:00',20221270,4,'2022-04-11 09:35:00',4),(91,'2022-04-13 15:53:00','2022-04-13 15:55:00','2022-04-09 09:09:00',20222273,1,'2022-04-11 11:02:00',42),(92,'2022-04-14 11:09:00','2022-04-14 12:54:00','2022-04-09 13:44:00',20229276,5,'2022-04-11 15:41:00',23),(93,'2022-04-13 13:57:00','2022-04-13 14:03:00','2022-04-09 15:57:00',20221279,1,'2022-04-11 09:55:00',24),(94,'2022-04-13 13:56:00','2022-04-13 15:52:00','2022-04-09 16:56:00',20220282,2,'2022-04-11 09:08:00',42),(95,'2022-04-13 13:42:00','2022-04-13 15:27:00','2022-04-09 17:53:00',20221285,1,'2022-04-11 10:04:00',13),(96,'2022-04-14 11:16:00','2022-04-14 12:56:00','2022-04-09 18:13:00',20227288,1,'2022-04-11 14:08:00',53),(97,'2022-04-13 13:47:00','2022-04-13 15:08:00','2022-04-09 21:42:00',20221291,3,'2022-04-11 08:05:00',35),(98,'2022-04-13 15:19:00','2022-04-13 15:24:00','2022-04-09 21:58:00',20227294,2,'2022-04-11 08:55:00',30),(99,'2022-04-13 15:31:00','2022-04-13 16:04:00','2022-04-10 01:53:00',20225297,1,'2022-04-11 08:41:00',58),(100,'2022-04-14 10:43:00','2022-04-14 12:23:00','2022-04-10 14:03:00',20225300,2,'2022-04-11 16:27:00',59),(101,'2022-04-14 10:45:00','2022-04-14 11:48:00','2022-04-10 14:49:00',20228303,2,'2022-04-11 17:21:00',41),(102,'2022-04-14 11:51:00','2022-04-14 13:39:00','2022-04-10 15:01:00',20227306,1,'2022-04-11 16:11:00',17),(103,'2022-04-14 16:41:00','2022-04-14 17:03:00','2022-04-10 16:42:00',20224309,2,'2022-04-12 11:16:00',40),(104,'2022-04-14 13:45:00','2022-04-14 14:03:00','2022-04-10 16:51:00',20228312,3,'2022-04-12 09:10:00',8),(105,'2022-04-13 09:56:00','2022-04-13 10:51:00','2022-04-10 20:48:00',20222315,4,'2022-04-11 08:08:00',50),(106,'2022-04-13 14:17:00','2022-04-13 14:47:00','2022-04-10 21:23:00',20223318,1,'2022-04-11 09:05:00',60),(107,'2022-04-13 12:36:00','2022-04-13 12:50:00','2022-04-10 21:40:00',20222321,2,'2022-04-11 08:46:00',13),(108,'2022-04-14 14:06:00','2022-04-14 15:21:00','2022-04-11 00:24:00',20229324,3,'2022-04-12 09:56:00',50),(109,'2022-04-14 14:22:00','2022-04-14 14:42:00','2022-04-11 08:34:00',20228327,1,'2022-04-12 08:56:00',51),(110,'2022-04-15 11:02:00','2022-04-15 11:32:00','2022-04-11 10:34:00',20223330,1,'2022-04-12 13:04:00',48),(111,'2022-04-15 09:21:00','2022-04-15 10:34:00','2022-04-11 10:43:00',20223333,2,'2022-04-12 14:02:00',42),(112,'2022-04-14 12:35:00','2022-04-14 13:04:00','2022-04-11 11:06:00',20228336,3,'2022-04-11 17:37:00',56),(113,'2022-04-14 15:24:00','2022-04-14 16:21:00','2022-04-11 11:28:00',20225339,1,'2022-04-12 12:35:00',46),(114,'2022-04-15 11:35:00','2022-04-15 12:08:00','2022-04-11 14:41:00',20228342,2,'2022-04-13 09:34:00',47),(115,'2022-04-15 12:43:00','2022-04-15 13:24:00','2022-04-11 14:48:00',20223345,2,'2022-04-12 16:14:00',33),(116,'2022-04-15 14:27:00','2022-04-15 15:54:00','2022-04-11 16:03:00',20228348,4,'2022-04-12 17:49:00',36),(117,'2022-04-15 17:09:00','2022-04-15 19:05:00','2022-04-11 16:16:00',20227351,5,'2022-04-13 10:42:00',58),(118,'2022-04-15 15:19:00','2022-04-15 15:56:00','2022-04-11 18:14:00',20229354,1,'2022-04-13 11:42:00',13),(119,'2022-04-16 09:22:00','2022-04-16 11:01:00','2022-04-11 19:12:00',20226357,4,'2022-04-13 14:22:00',20),(120,'2022-04-15 16:52:00','2022-04-15 17:30:00','2022-04-12 09:33:00',20223360,1,'2022-04-13 10:53:00',9),(121,'2022-04-15 14:45:00','2022-04-15 15:16:00','2022-04-12 09:35:00',20225363,3,'2022-04-13 11:38:00',5),(122,'2022-04-15 15:26:00','2022-04-15 17:18:00','2022-04-12 09:44:00',20224366,5,'2022-04-13 10:51:00',32),(123,'2022-04-16 10:00:00','2022-04-16 11:31:00','2022-04-12 13:01:00',20223369,3,'2022-04-13 15:18:00',45),(124,'2022-04-16 14:46:00','2022-04-16 16:04:00','2022-04-12 13:44:00',20226372,4,'2022-04-13 16:05:00',43),(125,'2022-04-16 14:42:00','2022-04-16 16:24:00','2022-04-12 15:31:00',20227375,4,'2022-04-14 09:57:00',57),(126,'2022-04-16 12:06:00','2022-04-16 12:38:00','2022-04-12 15:50:00',20228378,4,'2022-04-13 16:31:00',26),(127,'2022-04-16 14:09:00','2022-04-16 14:35:00','2022-04-12 17:27:00',20222381,1,'2022-04-14 11:06:00',39),(128,'2022-04-18 12:02:00','2022-04-18 12:51:00','2022-04-12 18:17:00',20224384,4,'2022-04-14 13:48:00',26),(129,'2022-04-16 17:17:00','2022-04-16 17:55:00','2022-04-12 18:25:00',20220387,2,'2022-04-14 11:38:00',38),(130,'2022-04-18 09:30:00','2022-04-18 10:07:00','2022-04-12 19:43:00',20228390,6,'2022-04-14 13:52:00',6),(131,'2022-04-16 17:31:00','2022-04-16 17:52:00','2022-04-12 20:29:00',20225393,2,'2022-04-14 12:39:00',33),(132,'2022-04-16 16:59:00','2022-04-16 18:23:00','2022-04-12 20:30:00',20226396,1,'2022-04-14 14:42:00',61),(133,'2022-04-16 17:37:00','2022-04-16 18:49:00','2022-04-12 21:04:00',20224399,1,'2022-04-14 12:38:00',37),(134,'2022-04-15 15:21:00','2022-04-15 15:37:00','2022-04-12 23:14:00',20222402,2,'2022-04-13 09:41:00',13),(135,'2022-04-15 11:05:00','2022-04-15 12:36:00','2022-04-12 23:48:00',20221405,2,'2022-04-13 08:07:00',4),(136,'2022-04-16 17:18:00','2022-04-16 17:56:00','2022-04-13 07:21:00',20224408,5,'2022-04-14 10:59:00',43),(137,'2022-04-16 17:08:00','2022-04-16 17:10:00','2022-04-13 09:26:00',20223411,1,'2022-04-14 11:46:00',46),(138,'2022-04-16 14:31:00','2022-04-16 15:50:00','2022-04-13 11:50:00',20228414,2,'2022-04-14 12:07:00',34),(139,'2022-04-18 13:41:00','2022-04-18 15:40:00','2022-04-13 14:01:00',20220417,2,'2022-04-14 15:42:00',46),(140,'2022-04-18 15:16:00','2022-04-18 16:08:00','2022-04-13 15:41:00',20222420,2,'2022-04-15 10:04:00',14),(141,'2022-04-18 10:38:00','2022-04-18 12:33:00','2022-04-13 16:12:00',20229423,2,'2022-04-14 17:20:00',48),(142,'2022-04-18 15:13:00','2022-04-18 15:22:00','2022-04-13 16:46:00',20226426,3,'2022-04-15 11:12:00',49),(143,'2022-04-18 15:11:00','2022-04-18 15:52:00','2022-04-13 16:58:00',20226429,5,'2022-04-15 09:40:00',43),(144,'2022-04-18 17:19:00','2022-04-18 18:48:00','2022-04-13 17:43:00',20228432,4,'2022-04-15 11:15:00',18),(145,'2022-04-18 11:07:00','2022-04-18 11:29:00','2022-04-13 21:26:00',20228435,4,'2022-04-15 14:45:00',9),(146,'2022-04-16 14:31:00','2022-04-16 15:58:00','2022-04-13 23:17:00',20228438,3,'2022-04-14 08:46:00',6),(147,'2022-04-16 12:44:00','2022-04-16 14:40:00','2022-04-13 23:26:00',20220441,1,'2022-04-14 09:10:00',47),(148,'2022-04-18 17:12:00','2022-04-18 18:55:00','2022-04-14 10:32:00',20225444,2,'2022-04-15 14:10:00',12),(149,'2022-04-18 10:57:00','2022-04-18 12:15:00','2022-04-14 13:11:00',20227447,1,'2022-04-15 17:03:00',62),(150,'2022-04-18 11:15:00','2022-04-18 11:38:00','2022-04-14 14:42:00',20220450,2,'2022-04-15 17:12:00',2),(151,'2022-04-18 10:47:00','2022-04-18 11:02:00','2022-04-14 14:45:00',20229453,2,'2022-04-15 15:50:00',63),(152,'2022-04-18 13:04:00','2022-04-18 14:01:00','2022-04-14 14:58:00',20225456,2,'2022-04-16 09:23:00',30),(153,'2022-04-18 13:38:00','2022-04-18 14:20:00','2022-04-14 15:01:00',20222459,1,'2022-04-16 10:37:00',57),(154,'2022-04-18 12:11:00','2022-04-18 13:41:00','2022-04-14 15:38:00',20228462,1,'2022-04-15 16:52:00',11),(155,'2022-04-18 11:57:00','2022-04-18 13:04:00','2022-04-14 16:14:00',20224465,1,'2022-04-16 10:05:00',53),(156,'2022-04-19 10:12:00','2022-04-19 11:43:00','2022-04-14 19:00:00',20229468,1,'2022-04-16 13:59:00',64),(157,'2022-04-18 16:35:00','2022-04-18 18:34:00','2022-04-14 21:01:00',20222471,3,'2022-04-15 08:54:00',26),(158,'2022-04-18 12:33:00','2022-04-18 14:27:00','2022-04-15 01:47:00',20221474,4,'2022-04-16 08:46:00',50),(159,'2022-04-18 17:29:00','2022-04-18 19:12:00','2022-04-15 08:02:00',20226477,1,'2022-04-16 11:01:00',33),(160,'2022-04-18 15:39:00','2022-04-18 16:03:00','2022-04-15 09:54:00',20224480,2,'2022-04-16 11:23:00',42),(161,'2022-04-19 12:47:00','2022-04-19 13:35:00','2022-04-15 13:21:00',20227483,1,'2022-04-16 15:56:00',21),(162,'2022-04-20 15:28:00','2022-04-20 15:41:00','2022-04-15 15:17:00',20226486,3,'2022-04-18 09:38:00',45),(163,'2022-04-20 15:48:00','2022-04-20 17:45:00','2022-04-15 15:31:00',20229489,2,'2022-04-18 10:00:00',5),(164,'2022-04-20 15:42:00','2022-04-20 16:43:00','2022-04-15 16:33:00',20225492,3,'2022-04-18 10:09:00',5),(165,'2022-04-20 13:44:00','2022-04-20 13:45:00','2022-04-15 16:34:00',20223495,3,'2022-04-18 10:34:00',22),(166,'2022-04-20 15:09:00','2022-04-20 15:45:00','2022-04-15 18:29:00',20223498,1,'2022-04-18 10:52:00',64),(167,'2022-04-21 10:08:00','2022-04-21 10:36:00','2022-04-15 20:32:00',20222501,3,'2022-04-18 13:35:00',26),(168,'2022-04-21 12:29:00','2022-04-21 14:01:00','2022-04-15 20:43:00',20227504,1,'2022-04-18 14:58:00',2),(169,'2022-04-18 13:21:00','2022-04-18 15:02:00','2022-04-15 23:41:00',20221507,1,'2022-04-16 08:13:00',50),(170,'2022-04-20 11:04:00','2022-04-20 11:19:00','2022-04-16 01:03:00',20224510,2,'2022-04-18 09:24:00',37),(171,'2022-04-20 15:54:00','2022-04-20 17:24:00','2022-04-16 02:11:00',20224513,1,'2022-04-18 09:55:00',47),(172,'2022-04-20 12:33:00','2022-04-20 13:29:00','2022-04-16 02:49:00',20221516,1,'2022-04-18 08:12:00',35),(173,'2022-04-20 15:16:00','2022-04-20 17:09:00','2022-04-16 09:16:00',20222519,2,'2022-04-18 10:50:00',27),(174,'2022-04-20 17:58:00','2022-04-20 19:31:00','2022-04-16 09:34:00',20227522,1,'2022-04-18 13:07:00',42),(175,'2022-04-20 16:20:00','2022-04-20 16:24:00','2022-04-16 09:51:00',20228525,1,'2022-04-18 13:41:00',21),(176,'2022-04-20 14:57:00','2022-04-20 15:57:00','2022-04-16 11:18:00',20227528,1,'2022-04-18 12:39:00',32),(177,'2022-04-21 11:15:00','2022-04-21 11:29:00','2022-04-16 13:53:00',20221531,1,'2022-04-18 16:55:00',7),(178,'2022-04-21 09:55:00','2022-04-21 10:21:00','2022-04-16 14:47:00',20220534,2,'2022-04-18 15:11:00',27),(179,'2022-04-20 14:31:00','2022-04-20 16:15:00','2022-04-16 15:36:00',20227537,1,'2022-04-18 10:19:00',7),(180,'2022-04-20 12:25:00','2022-04-20 13:50:00','2022-04-16 16:21:00',20220540,2,'2022-04-18 10:42:00',25),(181,'2022-04-20 13:02:00','2022-04-20 13:18:00','2022-04-16 21:39:00',20223543,3,'2022-04-18 08:46:00',8),(182,'2022-04-20 12:33:00','2022-04-20 12:51:00','2022-04-16 22:11:00',20226546,2,'2022-04-18 08:19:00',53),(183,'2022-04-20 13:42:00','2022-04-20 15:03:00','2022-04-16 23:09:00',20224549,1,'2022-04-18 08:46:00',54),(184,'2022-04-20 14:38:00','2022-04-20 15:50:00','2022-04-17 00:14:00',20227552,3,'2022-04-18 08:50:00',18),(185,'2022-04-20 11:02:00','2022-04-20 11:05:00','2022-04-17 02:25:00',20225555,2,'2022-04-18 08:09:00',44),(186,'2022-04-20 16:26:00','2022-04-20 18:15:00','2022-04-17 10:07:00',20228558,1,'2022-04-18 12:57:00',19),(187,'2022-04-21 12:50:00','2022-04-21 14:32:00','2022-04-17 15:34:00',20224561,2,'2022-04-19 09:01:00',40),(188,'2022-04-20 17:38:00','2022-04-20 19:08:00','2022-04-17 15:49:00',20226564,2,'2022-04-18 14:28:00',52),(189,'2022-04-20 16:45:00','2022-04-20 18:02:00','2022-04-17 16:20:00',20221567,3,'2022-04-18 16:41:00',6),(190,'2022-04-20 16:04:00','2022-04-20 17:22:00','2022-04-17 19:48:00',20220570,5,'2022-04-18 09:42:00',11),(191,'2022-04-20 12:50:00','2022-04-20 13:24:00','2022-04-17 22:00:00',20229573,2,'2022-04-18 08:07:00',16),(192,'2022-04-22 09:25:00','2022-04-22 10:55:00','2022-04-18 10:03:00',20228576,4,'2022-04-19 12:12:00',12),(193,'2022-04-21 14:02:00','2022-04-21 15:51:00','2022-04-18 10:19:00',20224579,1,'2022-04-19 13:09:00',28),(194,'2022-04-22 09:33:00','2022-04-22 09:49:00','2022-04-18 10:43:00',20223582,1,'2022-04-19 13:44:00',61),(195,'2022-04-21 08:34:00','2022-04-21 10:14:00','2022-04-18 14:20:00',20226585,1,'2022-04-19 17:50:00',34),(196,'2022-04-22 13:53:00','2022-04-22 15:40:00','2022-04-18 14:38:00',20228588,2,'2022-04-19 17:55:00',34),(197,'2022-04-22 14:27:00','2022-04-22 15:01:00','2022-04-18 15:53:00',20223591,4,'2022-04-19 17:40:00',12),(198,'2022-04-22 15:00:00','2022-04-22 15:28:00','2022-04-18 16:17:00',20221594,2,'2022-04-20 10:23:00',64),(199,'2022-04-22 12:50:00','2022-04-22 14:34:00','2022-04-18 17:06:00',20223597,2,'2022-04-20 09:34:00',64),(200,'2022-04-21 14:02:00','2022-04-21 14:34:00','2022-04-18 21:55:00',20227600,2,'2022-04-19 09:22:00',6),(201,'2022-04-22 16:54:00','2022-04-22 18:05:00','2022-04-18 23:06:00',20227603,2,'2022-04-20 14:47:00',37),(202,'2022-04-22 14:35:00','2022-04-22 15:43:00','2022-04-19 10:40:00',20228606,1,'2022-04-20 12:20:00',15),(203,'2022-04-22 17:38:00','2022-04-22 19:08:00','2022-04-19 11:10:00',20224609,1,'2022-04-20 13:01:00',48),(204,'2022-04-23 10:44:00','2022-04-23 10:48:00','2022-04-19 14:47:00',20223612,2,'2022-04-20 17:05:00',7),(205,'2022-04-23 14:34:00','2022-04-23 16:25:00','2022-04-19 15:40:00',20220615,1,'2022-04-21 09:02:00',32),(206,'2022-04-22 08:37:00','2022-04-22 10:30:00','2022-04-19 15:45:00',20228618,1,'2022-04-20 17:50:00',27),(207,'2022-04-23 15:50:00','2022-04-23 17:31:00','2022-04-19 18:04:00',20223621,2,'2022-04-21 13:50:00',53),(208,'2022-04-23 15:02:00','2022-04-23 16:32:00','2022-04-19 19:08:00',20223624,4,'2022-04-21 13:52:00',4),(209,'2022-04-25 10:17:00','2022-04-25 10:46:00','2022-04-19 20:07:00',20226627,2,'2022-04-21 13:45:00',9),(210,'2022-04-22 13:09:00','2022-04-22 15:01:00','2022-04-19 23:55:00',20224630,1,'2022-04-20 08:56:00',37),(211,'2022-04-23 13:37:00','2022-04-23 13:48:00','2022-04-20 07:00:00',20221633,2,'2022-04-21 09:34:00',40),(212,'2022-04-25 13:46:00','2022-04-25 15:12:00','2022-04-20 13:30:00',20226636,6,'2022-04-21 17:02:00',43),(213,'2022-04-25 16:05:00','2022-04-25 17:54:00','2022-04-20 15:14:00',20221639,6,'2022-04-22 09:44:00',20),(214,'2022-04-25 15:41:00','2022-04-25 17:32:00','2022-04-20 18:38:00',20226642,2,'2022-04-22 10:51:00',26),(215,'2022-04-25 17:35:00','2022-04-25 17:45:00','2022-04-20 20:03:00',20225645,2,'2022-04-22 14:46:00',30),(216,'2022-04-25 09:03:00','2022-04-25 10:52:00','2022-04-20 20:07:00',20223648,6,'2022-04-22 12:31:00',29),(217,'2022-04-23 11:54:00','2022-04-23 12:33:00','2022-04-20 20:41:00',20225651,2,'2022-04-21 09:17:00',13),(218,'2022-04-25 09:38:00','2022-04-25 10:19:00','2022-04-20 21:17:00',20224654,6,'2022-04-22 14:40:00',58),(219,'2022-04-23 13:24:00','2022-04-23 15:17:00','2022-04-20 21:40:00',20220657,1,'2022-04-21 09:00:00',64);


DROP TABLE IF EXISTS retour;

CREATE TABLE retour (
  id int NOT NULL,
  pieces int NOT NULL DEFAULT 0,
  reason varchar(255) DEFAULT NULL,
  refund int NOT NULL,
  returnDate timestamp DEFAULT NULL,
  order_id int DEFAULT NULL,
  product_id int DEFAULT NULL,
  PRIMARY KEY (id)
);


INSERT INTO retour VALUES (0,1,'wrong size',1,'2022-04-07 15:12:00',0,50),(1,1,'not working',1,'2022-04-08 11:16:00',2,27),(2,1,'not working',1,'2022-04-08 11:16:00',2,80),(3,1,'not working',1,'2022-04-09 14:23:00',23,46),(4,1,'not working',1,'2022-04-09 14:51:00',30,21),(5,1,'wrong size',0,'2022-04-09 16:10:00',15,63),(6,1,'none given',1,'2022-04-09 16:10:00',15,3),(7,1,'wrong size',1,'2022-04-09 16:26:00',16,17),(8,1,'none given',1,'2022-04-09 16:26:00',16,40),(9,1,'not working',1,'2022-04-11 09:46:00',9,11),(10,1,'none given',1,'2022-04-11 09:46:00',9,75),(11,1,'none given',1,'2022-04-11 09:46:00',9,91),(12,1,'not working',1,'2022-04-11 09:46:00',9,84),(13,1,'not working',1,'2022-04-11 10:03:00',21,94),(14,1,'not working',1,'2022-04-11 10:03:00',21,91),(15,1,'none given',1,'2022-04-11 10:03:00',21,22),(16,1,'not working',0,'2022-04-11 10:03:00',21,47),(17,1,'none given',1,'2022-04-11 10:03:00',21,48),(18,1,'not working',1,'2022-04-11 10:25:00',31,77),(19,1,'wrong size',1,'2022-04-11 10:42:00',29,33),(20,1,'not working',1,'2022-04-11 10:42:00',29,28),(21,1,'none given',1,'2022-04-11 10:42:00',29,40),(22,1,'not working',1,'2022-04-11 11:14:00',8,52),(23,1,'not working',1,'2022-04-11 11:14:00',8,15),(24,1,'none given',1,'2022-04-11 11:19:00',28,58),(25,1,'wrong size',1,'2022-04-11 11:19:00',28,79),(26,1,'none given',1,'2022-04-11 11:19:00',28,89),(27,1,'not working',1,'2022-04-11 11:19:00',28,38),(28,1,'none given',1,'2022-04-11 12:54:00',11,54),(29,1,'none given',1,'2022-04-11 12:54:00',11,29),(30,1,'none given',0,'2022-04-11 13:15:00',13,30),(31,1,'not working',1,'2022-04-11 13:15:00',13,68),(32,1,'wrong size',1,'2022-04-11 13:15:00',13,94),(33,1,'none given',1,'2022-04-11 13:15:00',13,55),(34,1,'wrong size',1,'2022-04-11 13:24:00',36,84),(35,1,'none given',1,'2022-04-11 14:56:00',35,91),(36,1,'wrong size',1,'2022-04-11 14:56:00',35,16),(37,1,'wrong size',1,'2022-04-11 14:56:00',35,39),(38,1,'none given',1,'2022-04-11 14:56:00',35,89),(39,1,'not working',1,'2022-04-11 14:56:00',35,36),(40,1,'wrong size',1,'2022-04-11 14:56:00',35,25),(41,1,'not working',1,'2022-04-11 16:15:00',32,15),(42,1,'wrong size',1,'2022-04-11 16:15:00',32,14),(43,1,'none given',1,'2022-04-11 16:15:00',32,9),(44,1,'not working',1,'2022-04-12 10:04:00',38,98),(45,1,'not working',0,'2022-04-12 10:04:00',38,35),(46,1,'none given',1,'2022-04-12 10:04:00',38,71),(47,1,'none given',1,'2022-04-12 10:04:00',38,95),(48,1,'not working',1,'2022-04-12 11:07:00',39,57),(49,1,'none given',1,'2022-04-12 11:07:00',39,94),(50,1,'none given',1,'2022-04-12 11:47:00',63,47),(51,1,'not working',1,'2022-04-12 13:07:00',42,93),(52,1,'not working',1,'2022-04-12 13:41:00',51,19),(53,1,'none given',0,'2022-04-12 13:41:00',51,79),(54,1,'wrong size',1,'2022-04-12 13:41:00',51,29),(55,1,'none given',1,'2022-04-12 13:41:00',51,85),(56,1,'none given',1,'2022-04-12 15:40:00',41,41),(57,1,'wrong size',1,'2022-04-13 08:29:00',71,40),(58,1,'none given',1,'2022-04-13 08:29:00',71,2),(59,1,'wrong size',1,'2022-04-13 08:29:00',71,79),(60,1,'none given',0,'2022-04-13 08:29:00',71,83),(61,1,'not working',1,'2022-04-13 08:29:00',71,12),(62,1,'not working',1,'2022-04-13 08:29:00',71,69),(63,1,'none given',1,'2022-04-13 10:13:00',44,56),(64,1,'wrong size',1,'2022-04-13 10:18:00',48,38),(65,1,'not working',0,'2022-04-13 10:18:00',48,56),(66,1,'none given',1,'2022-04-13 10:18:00',48,78),(67,1,'none given',1,'2022-04-13 10:18:00',48,96),(68,1,'wrong size',1,'2022-04-13 10:38:00',64,71),(69,1,'not working',1,'2022-04-13 12:56:00',47,31),(70,1,'wrong size',1,'2022-04-13 12:56:00',47,62),(71,1,'not working',1,'2022-04-14 11:39:00',60,49),(72,1,'none given',1,'2022-04-14 13:20:00',65,23),(73,1,'none given',0,'2022-04-14 13:20:00',65,51),(74,1,'none given',1,'2022-04-14 13:50:00',76,83),(75,1,'not working',1,'2022-04-14 14:34:00',79,25),(76,1,'none given',1,'2022-04-14 14:34:00',79,25),(77,1,'wrong size',1,'2022-04-14 14:34:00',79,35),(78,1,'not working',1,'2022-04-14 15:06:00',80,45),(79,1,'none given',1,'2022-04-14 15:15:00',68,43),(80,1,'wrong size',1,'2022-04-14 15:15:00',68,90),(81,1,'none given',1,'2022-04-14 15:15:00',68,19),(82,1,'none given',1,'2022-04-14 16:39:00',73,40),(83,1,'wrong size',1,'2022-04-14 17:10:00',56,41),(84,1,'none given',1,'2022-04-14 17:10:00',56,75),(85,1,'none given',1,'2022-04-14 17:10:00',56,34),(86,1,'not working',1,'2022-04-14 17:10:00',56,64),(87,1,'wrong size',1,'2022-04-14 17:10:00',56,12),(88,1,'wrong size',0,'2022-04-15 09:10:00',69,44),(89,1,'not working',1,'2022-04-15 10:26:00',58,97),(90,1,'wrong size',0,'2022-04-15 10:26:00',58,31),(91,1,'wrong size',1,'2022-04-15 10:49:00',62,58),(92,1,'not working',1,'2022-04-15 10:49:00',62,16),(93,1,'wrong size',1,'2022-04-15 10:49:00',62,5),(94,1,'wrong size',1,'2022-04-15 10:49:00',62,5),(95,1,'none given',1,'2022-04-15 10:49:00',62,55),(96,1,'none given',1,'2022-04-15 11:31:00',67,48),(97,1,'wrong size',1,'2022-04-15 11:31:00',67,14),(98,1,'wrong size',0,'2022-04-15 11:47:00',84,65),(99,1,'wrong size',1,'2022-04-15 11:47:00',84,46),(100,1,'wrong size',1,'2022-04-15 11:47:00',84,71),(101,1,'wrong size',1,'2022-04-15 11:55:00',82,14),(102,1,'wrong size',1,'2022-04-15 11:55:00',82,10),(103,1,'wrong size',1,'2022-04-15 11:56:00',83,23),(104,1,'wrong size',1,'2022-04-15 11:56:00',83,12),(105,1,'wrong size',1,'2022-04-15 11:56:00',83,84),(106,1,'not working',1,'2022-04-15 12:37:00',77,11),(107,1,'none given',0,'2022-04-15 12:37:00',77,10),(108,1,'none given',1,'2022-04-15 12:37:00',77,38),(109,1,'not working',1,'2022-04-15 14:07:00',74,91),(110,1,'none given',1,'2022-04-16 09:33:00',103,73),(111,1,'wrong size',1,'2022-04-16 09:33:00',103,72),(112,1,'not working',1,'2022-04-16 16:17:00',95,91),(113,1,'not working',1,'2022-04-16 16:57:00',107,47),(114,1,'not working',1,'2022-04-16 16:57:00',107,10),(115,1,'none given',1,'2022-04-16 17:24:00',91,9),(116,1,'wrong size',0,'2022-04-16 17:48:00',99,78),(117,1,'wrong size',1,'2022-04-18 09:40:00',117,9),(118,1,'none given',1,'2022-04-18 09:40:00',117,32),(119,1,'not working',0,'2022-04-18 09:40:00',117,70),(120,1,'not working',0,'2022-04-18 09:40:00',117,95),(121,1,'none given',1,'2022-04-18 09:40:00',117,65),(122,1,'not working',1,'2022-04-18 10:22:00',98,33),(123,1,'not working',1,'2022-04-18 10:22:00',98,17),(124,1,'wrong size',1,'2022-04-18 12:35:00',87,90),(125,1,'wrong size',1,'2022-04-18 16:16:00',115,81),(126,1,'wrong size',1,'2022-04-18 16:16:00',115,40),(127,1,'none given',1,'2022-04-18 16:29:00',100,36),(128,1,'not working',0,'2022-04-18 16:29:00',100,4),(129,1,'none given',1,'2022-04-18 16:50:00',116,47),(130,1,'none given',1,'2022-04-18 16:50:00',116,22),(131,1,'none given',0,'2022-04-18 16:50:00',116,34),(132,1,'wrong size',1,'2022-04-18 16:50:00',116,39),(133,1,'not working',1,'2022-04-18 16:54:00',112,81),(134,1,'none given',1,'2022-04-18 16:54:00',112,81),(135,1,'wrong size',1,'2022-04-18 16:54:00',112,80),(136,1,'none given',1,'2022-04-18 17:14:00',123,80),(137,1,'not working',1,'2022-04-18 17:14:00',123,87),(138,1,'not working',1,'2022-04-18 17:14:00',123,57),(139,1,'wrong size',1,'2022-04-19 09:12:00',122,68),(140,1,'none given',1,'2022-04-19 09:12:00',122,100),(141,1,'not working',1,'2022-04-19 09:12:00',122,59),(142,1,'not working',0,'2022-04-19 09:12:00',122,73),(143,1,'not working',1,'2022-04-19 09:12:00',122,45),(144,1,'none given',1,'2022-04-19 09:15:00',121,27),(145,1,'not working',1,'2022-04-19 09:15:00',121,25),(146,1,'none given',1,'2022-04-19 09:15:00',121,19),(147,1,'wrong size',1,'2022-04-19 10:00:00',120,20),(148,1,'not working',1,'2022-04-19 10:23:00',134,27),(149,1,'wrong size',1,'2022-04-19 10:23:00',134,84),(150,1,'none given',1,'2022-04-19 10:28:00',118,56),(151,1,'not working',1,'2022-04-20 09:30:00',138,57),(152,1,'none given',0,'2022-04-20 09:30:00',138,19),(153,1,'wrong size',1,'2022-04-20 12:27:00',136,80),(154,1,'none given',1,'2022-04-20 12:27:00',136,69),(155,1,'not working',1,'2022-04-20 12:27:00',136,86),(156,1,'none given',1,'2022-04-20 12:27:00',136,38),(157,1,'wrong size',1,'2022-04-20 12:27:00',136,60),(158,1,'none given',1,'2022-04-20 13:30:00',129,76),(159,1,'wrong size',1,'2022-04-20 13:30:00',129,45),(160,1,'wrong size',1,'2022-04-21 14:10:00',153,41),(161,1,'not working',1,'2022-04-21 15:35:00',154,7),(162,1,'not working',1,'2022-04-21 15:41:00',128,98),(163,1,'not working',1,'2022-04-21 15:41:00',128,61),(164,1,'wrong size',1,'2022-04-21 15:41:00',128,93),(165,1,'not working',0,'2022-04-21 15:41:00',128,54),(166,1,'none given',1,'2022-04-21 15:56:00',145,4),(167,1,'not working',1,'2022-04-21 15:56:00',145,14),(168,1,'none given',1,'2022-04-21 15:56:00',145,35),(169,1,'not working',1,'2022-04-21 15:56:00',145,87),(170,1,'none given',1,'2022-04-21 16:21:00',141,15),(171,1,'wrong size',1,'2022-04-21 16:21:00',141,87),(172,1,'none given',1,'2022-04-22 09:00:00',152,37),(173,1,'wrong size',1,'2022-04-22 09:00:00',152,36),(174,1,'wrong size',1,'2022-04-22 09:10:00',142,47),(175,1,'none given',1,'2022-04-22 09:10:00',142,18),(176,1,'none given',1,'2022-04-22 09:10:00',142,58),(177,1,'wrong size',1,'2022-04-22 09:46:00',155,99),(178,1,'wrong size',1,'2022-04-22 09:57:00',157,42),(179,1,'not working',1,'2022-04-22 09:57:00',157,83),(180,1,'not working',1,'2022-04-22 09:57:00',157,29),(181,1,'not working',1,'2022-04-22 13:21:00',159,69),(182,1,'wrong size',1,'2022-04-23 09:38:00',185,48),(183,1,'not working',1,'2022-04-23 09:38:00',185,36),(184,1,'none given',1,'2022-04-23 14:26:00',172,98),(185,1,'none given',1,'2022-04-23 16:02:00',195,65),(186,1,'not working',1,'2022-04-23 16:09:00',183,82),(187,1,'wrong size',1,'2022-04-23 17:01:00',176,67),(188,1,'not working',1,'2022-04-23 17:49:00',179,71),(189,1,'wrong size',1,'2022-04-25 09:03:00',191,71),(190,1,'none given',1,'2022-04-25 09:03:00',191,86),(191,1,'not working',1,'2022-04-25 09:18:00',190,17),(192,1,'not working',0,'2022-04-25 09:18:00',190,29),(193,1,'not working',0,'2022-04-25 09:18:00',190,56),(194,1,'not working',1,'2022-04-25 09:18:00',190,87),(195,1,'none given',1,'2022-04-25 09:18:00',190,1),(196,1,'none given',1,'2022-04-25 09:31:00',199,92),(197,1,'none given',1,'2022-04-25 09:31:00',199,71),(198,1,'not working',1,'2022-04-25 09:52:00',181,67),(199,1,'wrong size',0,'2022-04-25 09:52:00',181,56),(200,1,'none given',1,'2022-04-25 09:52:00',181,82),(201,1,'wrong size',1,'2022-04-25 09:58:00',163,42),(202,1,'none given',1,'2022-04-25 09:58:00',163,44),(203,1,'none given',1,'2022-04-25 11:15:00',173,97),(204,1,'none given',1,'2022-04-25 11:15:00',173,94),(205,1,'wrong size',1,'2022-04-25 12:07:00',189,6),(206,1,'none given',1,'2022-04-25 12:07:00',189,3),(207,1,'not working',1,'2022-04-25 12:07:00',189,19),(208,1,'wrong size',1,'2022-04-25 12:13:00',200,92),(209,1,'none given',1,'2022-04-25 12:13:00',200,2),(210,1,'wrong size',1,'2022-04-25 12:20:00',164,76),(211,1,'not working',1,'2022-04-25 12:20:00',164,28),(212,1,'not working',1,'2022-04-25 12:20:00',164,20),(213,1,'not working',1,'2022-04-25 12:32:00',162,27),(214,1,'not working',1,'2022-04-25 12:32:00',162,46),(215,1,'not working',1,'2022-04-25 12:32:00',162,85),(216,1,'wrong size',1,'2022-04-25 12:39:00',194,1),(217,1,'wrong size',1,'2022-04-25 13:01:00',167,24),(218,1,'not working',0,'2022-04-25 13:01:00',167,94),(219,1,'wrong size',1,'2022-04-25 13:01:00',167,19),(220,1,'not working',1,'2022-04-25 15:48:00',187,63),(221,1,'wrong size',1,'2022-04-25 15:48:00',187,5),(222,1,'none given',1,'2022-04-25 16:56:00',210,82),(223,1,'not working',1,'2022-04-26 10:39:00',201,22),(224,1,'not working',1,'2022-04-26 10:39:00',201,100),(225,1,'not working',1,'2022-04-26 13:50:00',204,41),(226,1,'not working',1,'2022-04-26 13:50:00',204,91),(227,1,'wrong size',1,'2022-04-26 16:38:00',205,23),(228,1,'wrong size',1,'2022-04-26 17:55:00',211,7),(229,1,'not working',1,'2022-04-26 17:55:00',211,17),(230,1,'not working',1,'2022-04-26 17:55:00',217,16),(231,1,'none given',1,'2022-04-26 17:55:00',217,87),(232,1,'none given',0,'2022-04-28 12:03:00',216,58),(233,1,'not working',1,'2022-04-28 12:03:00',216,31),(234,1,'wrong size',1,'2022-04-28 12:03:00',216,100),(235,1,'not working',1,'2022-04-28 12:03:00',216,80),(236,1,'wrong size',1,'2022-04-28 12:03:00',216,76),(237,1,'not working',1,'2022-04-28 12:03:00',216,14),(238,1,'none given',1,'2022-04-28 14:48:00',218,23),(239,1,'none given',1,'2022-04-28 14:48:00',218,42),(240,1,'not working',1,'2022-04-28 14:48:00',218,91),(241,1,'not working',0,'2022-04-28 14:48:00',218,9),(242,1,'not working',1,'2022-04-28 14:48:00',218,37),(243,1,'wrong size',0,'2022-04-28 14:48:00',218,16),(244,1,'none given',1,'2022-04-28 17:41:00',212,57),(245,1,'none given',1,'2022-04-28 17:41:00',212,21),(246,1,'none given',0,'2022-04-28 17:41:00',212,4),(247,1,'not working',1,'2022-04-28 17:41:00',212,70),(248,1,'not working',1,'2022-04-28 17:41:00',212,71),(249,1,'none given',1,'2022-04-28 17:41:00',212,84);


DROP TABLE IF EXISTS crm_customer;

CREATE TABLE crm_customer (
  id int NOT NULL,
  customerNo int NOT NULL,
  email varchar(255) DEFAULT NULL,
	isKeyCustomer boolean DEFAULT false,
  PRIMARY KEY (id)
);

INSERT INTO crm_customer VALUES (2,20220019,'michael.loehr@alas.it',false)